"","Toad","Date","Easting","Northing","x","y","Day"
"1",5,2009-07-10,551788.8,4713866,-338.333414812603,-6.86469810211043,1
"2",5,2009-07-11,551758.8,4713875.8,-369.697625066514,-3.35381286547626,2
"3",5,2009-07-12,551753.8,4713874.7,-374.370547781514,-5.44517445516227,3
"4",5,2009-07-13,551750.9,4713870.1,-376.277167209315,-10.5377968015384,4
"5",5,2009-07-14,551766.1,4713872.4,-361.85971095987,-5.20235349311966,5
"6",9,2009-07-12,552059.8,4713816.1,-62.8453126525618,-0.756051091864107,1
"7",9,2009-08-01,552080.6,4713824.6,-44.2019217583177,11.7864357413565,21
"8",9,2009-08-11,552080.5,4713827.3,-44.8475269523322,14.4100199184818,31
"9",9,2009-08-12,552055.8,4713811.9,-65.9102021928352,-5.68011974488511,32
"10",9,2009-08-13,552056.2,4713813.8,-65.9039252794906,-3.73848110750663,33
"11",9,2009-08-14,552068.6,4713810.8,-53.1531752105955,-4.1608230082827,34
"12",9,2009-08-15,552082.4,4713827,-42.9261729117465,14.5016640710606,35
"13",9,2009-08-16,552072.8,4713824.8,-51.8803340786789,10.400079280157,36
"14",10,2009-07-21,552165,4713788.5,45.7661973455246,-6.44286882283059,1
"15",10,2009-07-22,552075.3,4713806.9,-45.80136451138,-6.62067654853196,2
"16",10,2009-07-23,552162.5,4713791.8,42.6487789903597,-3.71858858804343,3
"17",10,2009-07-24,552199.8,4713782.3,81.1003732494556,-5.45493502160325,4
"18",10,2009-07-25,552241.2,4713778.8,122.349655362061,-0.484349021242149,5
"19",10,2009-07-26,552160.5,4713790.4,40.9743420387779,-5.49517545437246,6
"20",10,2009-07-31,552166.5,4713784.1,48.1275356144441,-10.4471267544596,11
"21",10,2009-08-01,552144,4713793.7,24.1479744836314,-5.61073884773157,12
"22",39,2009-07-31,551572.4,4713918.8,-560.944868415599,0.941755942572271,1
"23",39,2009-08-01,551551.2,4713922.9,-582.535802838281,0.656185000478402,2
"24",39,2009-08-02,551577.5,4713921.7,-556.539147387248,4.81598131318182,3
"25",39,2009-08-03,551549.7,4713922.1,-583.842342045091,-0.431452486122922,4
"26",39,2009-08-04,551526.9,4713928.3,-607.42599006321,1.01476539394159,5
"27",39,2009-08-11,551557.4,4713914.5,-574.760790586972,-6.31153948453928,12
"28",39,2009-08-12,551561.1,4713920.5,-572.354786996228,0.314254560024921,13
"29",39,2009-08-13,551536,4713922.1,-597.257528047885,-3.21044232222805,14
"30",39,2009-08-14,551697.6,4713904.6,-435.467281318651,12.4332804855357,15
"31",39,2009-08-16,551686.5,4713915.3,-448.506971528735,20.6592442119642,17
"32",40,2009-06-22,551574.1,4713914.7,-558.448541807479,-2.72816959650639,1
"33",40,2009-06-23,551641.4,4713905,-490.580058639411,1.42502104149368,2
"34",40,2009-06-24,551547.5,4713925.1,-586.605143411074,2.05991834374531,3
"35",40,2009-06-25,551549.5,4713927.6,-585.153837030389,4.91363693347722,4
"36",40,2009-06-30,551552.1,4713929.8,-583.054150463447,7.59529991030773,9
"37",40,2009-07-01,551566.3,4713915.4,-566.22837711456,-3.6249207291351,10
"38",40,2009-07-22,551551.5,4713922.7,-582.201470446368,0.521196660908856,31
"39",40,2009-07-23,551528.7,4713931.4,-606.292233398198,4.41544118380361,32
"40",40,2009-07-24,551551.1,4713921.4,-582.329454943814,-0.832915582573094,33
"41",40,2009-07-25,551550.5,4713920.3,-582.69385076718,-2.03175489003466,34
"42",40,2009-07-26,551545.6,4713918,-587.025437248324,-5.27788467113373,35
"43",41,2009-06-27,551828.8,4713855,-296.933682819112,-9.52217639310666,1
"44",41,2009-06-28,552590.4,4713706.3,478.996349910286,-0.643307739084477,2
"45",41,2009-06-29,552577.4,4713676.5,472.311421375891,-32.4607829764274,3
"46",43,2009-06-26,551562.5,4713916.3,-570.131938987725,-3.5144458373326,1
"47",43,2009-06-28,551176.2,4714017.1,-968.847889964165,16.8305888628502,3
"48",43,2009-06-29,551418.7,4713951.1,-718.001471360365,1.39283405047036,4
"49",43,2009-06-30,551417.9,4713952.7,-719.109393443626,2.79729432370698,5
"50",43,2009-07-01,551544.7,4713916.8,-587.66331167161,-6.63549883598581,6
"51",43,2009-07-09,551718.3,4713862.1,-406.576666844594,-24.9842607927781,14
"52",43,2009-07-25,551716.5,4713889.7,-413.937794894525,1.67683059267604,30
"53",43,2009-08-01,551686.2,4713896.2,-444.926376633313,1.89546686888436,37
"54",43,2009-08-02,551685.3,4713896,-445.767097029924,1.51706336119743,38
"55",43,2009-08-03,551684,4713893.4,-446.512671353387,-1.29258411248597,39
"56",43,2009-08-04,551686.1,4713897.3,-445.247428269712,2.9523139940361,40
"57",43,2009-08-12,551685.2,4713895,-445.66217212229,0.517568106693091,48
"58",43,2009-08-13,551715.9,4713888.5,-414.281906120623,0.380070219865118,49
"59",43,2009-08-14,551711.9,4713900.4,-420.612615833189,11.2212931464582,50
"60",43,2009-08-15,551665.6,4713896.1,-465.077831572949,-2.38108125021604,51
"61",43,2009-08-16,551651.8,4713897.2,-478.81406921233,-4.10322396025748,52
"62",44,2009-06-27,551296.4,4713976.5,-842.911222454134,1.45672219065253,1
"63",44,2009-06-28,551269,4713998.5,-874.204205875494,17.4413769755326,2
"64",44,2009-06-29,551302.7,4713980.2,-837.492725415973,6.35773125491028,3
"65",44,2009-07-12,551551.5,4713923.4,-582.343462627813,1.20664412109033,16
"66",44,2009-07-13,551551.8,4713921.5,-581.664292081015,-0.59300233580224,17
"67",44,2009-07-14,551442.3,4713947.1,-694.080715957977,2.26315639508394,18
"68",45,2009-06-24,551652.9,4713904.1,-479.136574706113,2.87646014425022,1
"69",45,2009-06-30,551564.8,4713918.2,-568.265161825864,-1.18739984947969,7
"70",45,2009-07-01,551610,4713911.5,-522.645772101032,1.42052674692378,8
"71",45,2009-07-10,551579,4713914.7,-553.650409587463,-1.73422432665048,17
"72",45,2009-07-11,551574.4,4713920,-559.22986226948,2.52250067820255,18
"73",45,2009-07-12,551590.8,4713912.1,-541.568324302092,-1.8865895491758,19
"74",45,2009-07-13,551573.2,4713917.3,-559.857230929795,-0.364783264402988,20
"75",45,2009-07-14,551570.7,4713917.4,-562.325542170106,-0.773977131739215,21
"76",45,2009-07-22,551528.9,4713937.8,-607.394605496597,10.7229585836643,29
"77",45,2009-07-23,551564.7,4713923.2,-569.377312758864,3.68836883886523,30
"78",45,2009-07-24,551565.6,4713918.9,-567.623785481664,-0.339675610561173,31
"79",45,2009-07-31,551654.2,4713900.5,-477.133355347592,-0.384998455638012,38
"80",45,2009-08-01,551569.3,4713915.3,-563.270460545678,-3.11430387507937,39
"81",45,2009-08-02,551571.8,4713915.4,-560.842718500282,-2.50926787522049,40
"82",45,2009-08-04,551675.7,4713895.4,-455.045811754586,-1.01778437775619,42
"83",45,2009-08-11,551571,4713918.4,-562.234624946357,0.266087317443478,49
"84",45,2009-08-12,551606,4713904.3,-525.1021237208,-6.44117387843382,50
"85",45,2009-08-13,551574.8,4713917,-558.229640086284,-0.333992903841747,51
"86",47,2009-06-23,551823.6,4713855.3,-302.08643202831,-10.2832122580437,1
"87",47,2009-06-24,551791.4,4713865.1,-335.604905727887,-7.21858816296589,2
"88",47,2009-06-25,551186.4,4714007.5,-956.912619916314,9.49919548374828,3
"89",47,2009-06-26,550902.1,4714076.4,-1249.27829731172,19.297699512443,4
"90",47,2009-07-11,552061.4,4713821.7,-62.4145130525299,5.05208214617343,19
"91",47,2009-07-31,551776.7,4713872,-351.398939604741,-3.44387043789219,39
"92",47,2009-08-01,551786.8,4713867.5,-340.596105087045,-5.80157406327615,40
"93",47,2009-08-02,551756.5,4713870.9,-370.955864308247,-8.61849082384184,41
"94",47,2009-08-03,551757.4,4713871.2,-370.135428508791,-8.14216625078193,42
"95",47,2009-08-04,551654.7,4713901.2,-476.785742200467,0.401871991262979,43
"96",47,2009-08-11,551773.8,4713875.9,-355.029749806848,-0.213202197629641,50
"97",47,2009-08-12,551758.3,4713873.2,-369.659830864219,-6.001183560399,51
"98",47,2009-08-13,551788.3,4713862.8,-338.173913026131,-10.0995951918653,52
"99",47,2009-08-14,551790.1,4713859,-335.640519144314,-13.4554729366447,53
"100",47,2009-08-15,551783.7,4713874.4,-345.03129534108,0.326156953685441,54
"101",47,2009-08-16,552075.7,4713831.1,-50.3185528056877,17.1573597429206,55
"102",49,2009-06-27,551686.1,4713893.9,-444.557751960132,-0.377002239697987,1
"103",49,2009-06-28,551705.6,4713902.1,-427.126481127921,11.608021630194,2
"104",49,2009-06-29,551687.9,4713894.3,-442.876311166494,0.379804774811149,3
"105",49,2009-07-09,551693,4713902.7,-439.586242992059,9.63968875969917,13
"106",49,2009-07-10,551705.2,4713902.4,-427.579019182983,11.8206464386857,14
"107",49,2009-07-11,551715.8,4713906.3,-417.990485513491,17.789735319463,15
"108",49,2009-07-12,551686.5,4713894.1,-444.20663689179,-0.100021719618908,16
"109",49,2009-07-23,551735.6,4713893.7,-396.0462552369,9.46803131392278,27
"110",49,2009-07-24,551688.8,4713902.5,-443.658358557282,8.59189353965405,28
"111",49,2009-07-25,551564,4713920.6,-569.535360687763,1.00042894835217,29
"112",49,2009-07-26,551605.7,4713910.4,-526.633247356079,-0.528842661364351,30
"113",49,2009-07-31,551704.8,4713901,-427.686719082859,10.368613128966,35
"114",49,2009-08-01,551713.1,4713905.5,-420.472077509128,16.4586826656327,36
"115",49,2009-08-02,551563.6,4713919.1,-569.622775990484,-0.549525426740473,37
"116",49,2009-08-03,551612,4713908.8,-520.139666658426,-0.81765008066273,38
"117",49,2009-08-04,551648,4713898.4,-482.778484877678,-3.69898587058294,39
"118",49,2009-08-11,551613,4713897,-516.766873514742,-12.1694898613116,46
"119",49,2009-08-12,551687.5,4713892.6,-442.92315727449,-1.36599173189222,47
"120",49,2009-08-13,551720.8,4713901.8,-412.181625347307,14.3975172295212,48
"121",49,2009-08-14,551712.9,4713901.2,-419.79568195476,12.2075076454281,49
"122",49,2009-08-15,551810.9,4713861.1,-315.698914019871,-7.17993430947119,50
"123",49,2009-08-16,551733.5,4713892.2,-397.798328656716,7.57323878399323,51
"124",50,2009-06-23,551859.3,4713851.8,-266.418650661252,-6.46884830625191,1
"125",50,2009-06-24,551787.3,4713869.1,-340.431053315901,-4.13341402549496,2
"126",50,2009-06-25,551789.7,4713866.9,-337.634686597438,-5.80084713424203,3
"127",50,2009-06-26,551761.8,4713869.8,-365.542917254455,-8.62053888800848,4
"128",50,2009-07-10,551773.9,4713877,-355.154959311864,0.884214122200461,18
"129",50,2009-07-14,551765.3,4713867.5,-361.649134215588,-10.1627624922151,22
"130",50,2009-07-23,551773.6,4713876.3,-355.306730327607,0.137912869977825,31
"131",50,2009-07-24,551776.4,4713873.6,-352.017256359242,-1.93798717884803,32
"132",50,2009-07-25,551773.9,4713876.3,-355.012967130419,0.198766662018983,33
"133",50,2009-07-26,551775.6,4713874.6,-353.00347085844,-1.12105330046715,34
"134",50,2009-08-03,551764.5,4713865.3,-361.986241599743,-12.4793027168695,42
"135",50,2009-08-11,551777.5,4713865.6,-349.317356848897,-9.5485418652022,50
"136",50,2009-08-12,551781.5,4713867.7,-345.826490764666,-6.6808155909017,51
"137",50,2009-08-13,551773.3,4713870.4,-354.403702281504,-5.70028379862765,52
"138",50,2009-08-14,551793.1,4713864,-333.717117040085,-7.95088173061991,53
"139",50,2009-08-15,551789.6,4713870,-338.361430180714,-2.78557869480721,54
"140",51,2009-06-23,551844,4713853.4,-281.725127273179,-8.00565464790471,1
"141",51,2009-06-24,551654.9,4713900.3,-476.407338692799,-0.438848405827216,2
"142",51,2009-06-25,551641,4713906,-491.17458887573,2.32309330925487,3
"143",51,2009-06-26,551890.3,4713843.7,-234.420067905084,-8.11222945212405,4
"144",51,2009-07-09,551841.7,4713857.8,-284.869834067669,-4.16367349594827,17
"145",51,2009-07-10,551889.6,4713842.6,-234.882384794255,-9.33135335694841,18
"146",51,2009-07-11,551894.6,4713843.9,-230.250031274169,-7.04414963473973,19
"147",51,2009-07-24,551889.3,4713842.6,-235.176147991329,-9.39220714896594,32
"148",51,2009-07-25,551848.6,4713851.7,-276.875920095467,-8.73722128741296,33
"149",51,2009-07-26,551891.7,4713843.2,-232.947749998457,-8.31785041789908,34
"150",51,2009-07-31,551973.7,4713827.5,-149.46779432982,-7.05808791320415,39
"151",51,2009-08-01,551851.4,4713856.9,-275.188929317346,-3.07735714445583,40
"152",51,2009-08-02,551886.5,4713843.4,-238.080214610274,-9.17680734816184,41
"153",51,2009-08-03,551890.9,4713843.8,-233.85282610809,-7.89260080271598,42
"154",51,2009-08-04,551893.3,4713844.9,-231.725851101824,-6.32863874305475,43
"155",51,2009-08-11,551891.8,4713839.7,-232.139868025616,-11.7248031205317,50
"156",51,2009-08-12,551883.2,4713845.1,-241.656447933581,-8.18154094410899,51
"157",51,2009-08-14,551655.4,4713901.6,-476.181433129662,0.935548434993905,53
"158",51,2009-08-15,551974.1,4713829.2,-149.420948221825,-5.31229140650081,54
"159",51,2009-08-16,551890.8,4713843.7,-233.930462576513,-8.01080646540454,55
"160",53,2009-06-27,551953.4,4713831.1,-170.07601617403,-7.6507028086573,1
"161",53,2009-06-28,551858.3,4713851,-267.23558453968,-7.45506280522177,2
"162",53,2009-06-29,551830.6,4713858.2,-295.820210751368,-6.02357953789526,3
"163",53,2009-07-01,551832.2,4713858.9,-294.39546588141,-5.01357852021607,5
"164",53,2009-07-12,551846.1,4713854.6,-279.912200061181,-6.4046253158472,16
"165",53,2009-07-13,551891.3,4713841.8,-233.055449898333,-9.76988372761875,17
"166",53,2009-07-14,551889,4713844.2,-235.794464746133,-7.88632388903344,18
"167",53,2009-07-21,551875.9,4713849.6,-249.717492611122,-5.2558685930627,25
"168",53,2009-07-25,551903.9,4713841.9,-220.737680215829,-7.11610339603049,29
"169",53,2009-07-26,551855.2,4713850.3,-270.129145395465,-8.7693327830831,30
"170",53,2009-08-01,551889.2,4713843.5,-235.456630433305,-8.53120215453656,36
"171",53,2009-08-02,551901.7,4713841.5,-222.810805272158,-7.95404880083191,37
"172",53,2009-08-03,551850.4,4713852.9,-275.356756080731,-7.19704574646103,38
"173",53,2009-08-04,551753.7,4713896.1,-378.809372678801,15.4896490097568,39
"174",54,2009-06-26,551890.8,4713843.5,-233.889893381788,-8.20664859701524,1
"175",54,2009-06-27,551831.9,4713858.1,-294.526952299582,-5.85780083867642,2
"176",54,2009-06-28,551899.9,4713841.4,-224.553099857676,-8.41709261835734,3
"177",54,2009-06-29,551900.6,4713842.3,-224.050213773704,-7.39381084607926,4
"178",54,2009-06-30,551830.5,4713854.1,-295.086463325846,-10.0586278300619,5
"179",54,2009-07-01,551899.7,4713839.1,-224.282396250112,-10.7098463252144,6
"180",54,2009-07-09,551901.7,4713840.9,-222.68909768817,-8.54157519475206,14
"181",54,2009-07-10,551893.9,4713840.4,-230.225517827086,-10.613379116133,15
"182",54,2009-07-11,551907.8,4713840.6,-216.655058887333,-7.59797795462718,16
"183",54,2009-07-12,551900.2,4713845,-224.989582164907,-4.83108046099503,17
"184",54,2009-07-13,551838,4713855.8,-288.087221552169,-6.87262491194629,18
"185",54,2009-07-14,551871.9,4713850.5,-253.816896615859,-5.18596289502661,19
"186",54,2009-07-21,551924.5,4713844.3,-201.052771014877,-0.587370766598895,26
"187",54,2009-07-22,551889.5,4713843.6,-235.183151833386,-8.37242729714604,27
"188",54,2009-07-23,551931.6,4713835.2,-192.254476990975,-8.05798133480986,28
"189",54,2009-07-24,551888.7,4713842.8,-235.804243580431,-9.31807260143755,29
"190",54,2009-07-25,551926.3,4713835.5,-197.505147265751,-8.83930179706242,30
"191",54,2009-07-26,551887.8,4713843.4,-236.807240755944,-8.91310758268167,31
"192",54,2009-08-01,551890.6,4713845.4,-234.471142862894,-6.38671754278349,37
"193",54,2009-08-02,551926.2,4713838,-198.110183265153,-6.41155975157135,38
"194",54,2009-08-03,551890.1,4713840.8,-234.027656713532,-10.9925095529013,39
"195",54,2009-08-04,551891.1,4713843.2,-233.53527639272,-8.43955800195777,40
"196",54,2009-08-12,551894.5,4713842.6,-230.084252574239,-8.33740808709248,48
"197",54,2009-08-13,551889.8,4713842,-234.564835078771,-9.87831055616657,49
"198",56,2009-06-27,551689.1,4713897.6,-442.370650090281,3.85461511131322,1
"199",56,2009-06-28,551710.5,4713899.1,-421.719810987588,9.66433492862528,2
"200",56,2009-06-29,551712.6,4713891.3,-418.081270014827,2.45246834732083,3
"201",56,2009-07-21,551714.7,4713901,-417.992533577248,12.3767882659934,25
"202",56,2009-07-22,551721.8,4713891.8,-409.173954955776,4.80825663154477,26
"203",56,2009-07-23,551713.3,4713903.4,-419.850258833485,14.4429094807022,27
"204",56,2009-07-24,551722.2,4713881,-406.591534179907,-5.68608007604483,28
"205",56,2009-08-02,551562.9,4713920.4,-570.571923216059,0.581456246875234,37
"206",8,2009-07-10,551880.1,4713846.3,-244.935416138862,-7.63531067301297,1
"207",8,2009-07-11,551880.5,4713845.5,-244.381455097269,-8.33754080916349,2
"208",8,2009-07-12,551883.1,4713842.3,-241.186400273681,-10.9436153812621,3
"209",8,2009-07-13,551836.2,4713855.5,-289.788946943075,-7.53151086110604,4
"210",12,2009-07-25,552058.2,4713813.4,-63.8643655759452,-3.72447342293803,1
"211",12,2009-07-26,552087.9,4713803.5,-32.7736339216511,-7.39413351785107,2
"212",12,2009-08-01,552055.5,4713817.4,-67.3196182439379,-0.355314922647757,8
"213",12,2009-08-02,552086.2,4713803.9,-34.5194304283113,-7.34728740949017,9
"214",12,2009-08-03,552046.7,4713814.9,-75.4295570932315,-4.58838613177444,10
"215",12,2009-08-04,552169.1,4713790,49.4766920796236,-4.14238434602302,11
"216",13,2009-07-21,551726.2,4713884.4,-403.364367861109,-1.54537994764272,1
"217",13,2009-07-22,551730,4713880,-398.750845080718,-5.08309214035258,2
"218",13,2009-07-23,551760.4,4713871.8,-367.319504121354,-6.94610193654472,3
"219",13,2009-07-24,551758.1,4713877.6,-370.748195278734,-1.73322586422535,4
"220",13,2009-07-25,551729.1,4713882.7,-400.179818800491,-2.62178474198785,5
"221",13,2009-07-26,551723.4,4713884.8,-406.187296090299,-1.72166441094836,6
"222",13,2009-07-31,551763.8,4713872.7,-364.172749263221,-5.37513603505516,11
"223",13,2009-08-01,551741,4713882.1,-388.405504396307,-0.7954440528909,12
"224",13,2009-08-02,551773,4713873.4,-355.306003399009,-2.82350561924416,13
"225",14,2009-07-09,552018.1,4713815.3,-103.516120276719,-9.99809670981622,1
"226",14,2009-07-10,551866.4,4713849.7,-259.040278451424,-7.08498427447206,2
"227",14,2009-07-11,551848.1,4713852.7,-277.568371397477,-7.85943361699092,3
"228",14,2009-07-12,551856.3,4713843.6,-267.692945650439,-15.106913615312,4
"229",14,2009-07-31,551901.8,4713838.1,-222.023207896584,-11.2630804381152,23
"230",14,2009-08-01,551873.8,4713850.2,-251.895542575273,-5.09431874244782,24
"231",14,2009-08-02,551879.3,4713843.7,-245.191385133641,-10.3435351599533,25
"232",14,2009-08-03,551862.1,4713848,-262.906046122294,-9.6218800775923,26
"233",14,2009-08-04,552060.4,4713810,-61.0204258203972,-6.60752851600406,27
"234",21,2009-07-10,551981.4,4713825.5,-141.522180322884,-7.45459523199263,1
"235",21,2009-07-21,552012.9,4713826,-110.778467609645,-0.57534174009275,12
"236",21,2009-07-22,551973.2,4713828.7,-150.200814826556,-5.98445811117142,13
"237",21,2009-07-23,552018.3,4713827.9,-105.876137410667,2.3805267654164,14
"238",21,2009-07-24,552012.6,4713823.7,-110.605685067961,-2.88838004337707,15
"239",21,2009-07-25,552004.9,4713824.6,-118.328168503887,-3.56900444796785,16
"240",21,2009-07-26,552051.6,4713816,-70.8545554439225,-2.5173091394276,17
"241",21,2009-08-11,551893.8,4713843.7,-230.992830605089,-7.40226854508748,33
"242",29,2009-07-09,552189.4,4713795.2,68.2998693577218,5.06728433211695,1
"243",29,2009-07-10,552172.3,4713787.6,53.0969965188741,-5.84338280850848,2
"244",29,2009-07-11,552174.8,4713788.1,55.4436001750085,-4.84666254634016,3
"245",29,2009-07-12,552179.2,4713786.2,60.1375344157609,-5.81464051124912,4
"246",29,2009-07-13,552176.3,4713785,57.5412386783062,-7.57794662295563,5
"247",29,2009-07-14,552180.3,4713785.4,61.3769429174212,-6.37487846597815,6
"248",29,2009-08-01,552079.3,4713836.2,-47.8279089045393,22.881579599289,24
"249",29,2009-08-02,552073,4713814.1,-49.5140400314609,-0.0369055567615888,25
"250",29,2009-08-03,552106.5,4713805.5,-14.9660076457192,-1.66277709760695,26
"251",29,2009-08-04,552066.4,4713828.9,-58.9789507756209,13.11662874497,27
"252",57,2009-07-09,552025.4,4713821.7,-97.6660967096256,-2.25037289763126,1
"253",57,2009-07-10,552024.7,4713819.1,-97.8241446386382,-4.93831278816794,2
"254",57,2009-07-11,551973.3,4713829.4,-150.244885942196,-5.27872605362715,3
"255",57,2009-07-12,552028.4,4713818.5,-94.0793576231583,-4.77530908034954,4
"256",57,2009-08-11,552163.7,4713797,42.7690327169633,1.61672199739237,34
"257",57,2009-08-12,552163.7,4713793.8,43.4181398320059,-1.51675210564296,35
"258",57,2009-08-13,552136.5,4713791.6,17.2298710994051,-9.18842602906863,36
"259",57,2009-08-15,552024.9,4713824.5,-98.7236707637878,0.389993955463162,38
"260",66,2009-07-09,551985.6,4713826.7,-137.6529107311,-5.42758935480595,1
"261",66,2009-07-10,551981.3,4713828.9,-142.309777698344,-4.14556359468577,2
"262",66,2009-07-11,551999.8,4713822.5,-122.89616631114,-6.65986129213459,3
"263",66,2009-07-12,552005.1,4713822.9,-117.787488217809,-5.19309336970055,4
"264",66,2009-07-31,551974.9,4713827,-148.191318554463,-7.30427807363393,23
"265",66,2009-08-01,552006.8,4713823.6,-116.264822281856,-4.16280775557054,24
"266",66,2009-08-02,551972.7,4713827.6,-150.46728958423,-7.1630128212938,25
"267",66,2009-08-03,551955.7,4713832.8,-168.168669817557,-5.51949895243871,26
"268",66,2009-08-04,551918.8,4713836.7,-205.092642362477,-9.18559380910282,27
"269",66,2009-08-11,551911.8,4713838.4,-212.291955117352,-8.94085750585293,34
"270",66,2009-08-12,551944.2,4713828.2,-178.496500896941,-12.3565966694737,35
"271",66,2009-08-13,551956.1,4713832.1,-167.634993373233,-6.12380802323985,36
"272",66,2009-08-14,551911.2,4713837.5,-212.696920135557,-9.94385468172741,37
"273",66,2009-08-15,552001.4,4713823.1,-121.451136843724,-5.74778134071674,38
"274",66,2009-08-16,551953.8,4713836.2,-170.718846375803,-2.57559006730791,39
"275",11,2010-06-25,552199.4,4713788.3,79.4916131459421,0.339190531865693,1
"276",11,2010-06-26,552203.1,4713784,83.9869302630702,-3.12088519194564,2
"277",11,2010-06-27,552214.2,4713785.7,94.5113304024345,0.795363230545775,3
"278",11,2010-06-28,552213,4713783.2,93.8433925475077,-1.89607858042546,4
"279",11,2010-06-29,552164.7,4713792.9,44.5799118651292,-2.19519572308416,5
"280",11,2010-06-30,552178,4713779,60.4229726360353,-13.108372410968,6
"281",11,2010-07-01,552176.9,4713779.1,59.3255563159341,-13.2335819163968,7
"282",11,2010-07-02,552177.2,4713780.1,59.4164735395691,-12.1935174672378,8
"283",11,2010-07-03,552210.9,4713780.8,92.2738805038625,-4.67216070214717,9
"284",11,2010-07-04,552191,4713785.5,71.8342123515218,-4.10650548484073,10
"285",11,2010-07-05,552209.3,4713783.1,90.2405977135869,-2.74452974840172,11
"286",11,2010-07-06,552204.4,4713788.8,84.2862434449303,1.84302572763156,12
"287",11,2010-07-23,552180.4,4713789.9,60.562057102637,-1.94814591150202,29
"288",11,2010-08-12,552232.7,4713784.2,112.930996519712,3.07919775345531,49
"289",11,2010-08-13,552204.3,4713790.6,83.8231996270865,3.58532031296477,50
"290",11,2010-08-14,552198.2,4713790.4,77.8905838129686,2.15211774426912,51
"291",11,2010-08-15,552199,4713786.6,79.4447670379468,-1.40660597483766,52
"292",11,2010-08-16,552198.7,4713789,78.6641735044295,0.882645810625684,53
"293",11,2010-08-18,552199.4,4713787.6,79.6336053273872,-0.34625692831578,55
"294",11,2010-08-19,552201.1,4713787.2,81.3794018337445,-0.393103035788336,56
"295",11,2010-08-20,552195.1,4713786.1,75.7272684617915,-2.68731059982533,57
"296",11,2010-08-22,552202.8,4713788,82.8817831722401,0.73510364460301,59
"297",11,2010-08-23,552212.6,4713781.7,93.7559772447869,-3.44603295551811,60
"298",11,2010-08-24,552211.5,4713784.1,92.1920151858137,-1.31905794970378,61
"299",11,2010-08-25,552199.2,4713787.8,79.3971940011649,-0.190983991407052,62
"300",11,2010-08-26,552245.7,4713763.8,129.798792920783,-14.2597019978897,63
"301",15,2010-06-25,551609,4713913.2,-523.969820913058,2.88233889080779,1
"302",15,2010-06-26,551516.6,4713935.9,-619.053489230063,6.36745286233315,2
"303",15,2010-06-28,550713.5,4714117.4,-1442.2741121596,21.188585864652,4
"304",15,2010-06-29,550830.3,4714089.7,-1322.28347394112,17.7568603593356,5
"305",15,2010-06-30,550830,4714091,-1322.84093690374,18.9689804213961,6
"306",16,2010-06-25,552160.1,4713794,39.8524122715936,-2.05115547840801,1
"307",16,2010-06-26,552190.3,4713789.1,70.4185193872634,-0.723339300893814,2
"308",16,2010-06-27,552189.8,4713789.4,69.8680602665098,-0.530999089741291,3
"309",16,2010-06-28,552108.4,4713803.8,-12.7606692422433,-2.94202786539111,4
"310",16,2010-06-29,552189.9,4713788.6,70.1282581111035,-1.29408301884492,5
"311",16,2010-06-30,552190.2,4713786.7,70.8074286575984,-3.09372947484914,6
"312",16,2010-07-01,552186.8,4713786.5,67.5186816181339,-3.97924791613361,7
"313",16,2010-07-02,552121.3,4713801.1,0.418832363228559,-2.9691835824876,8
"314",16,2010-07-03,552117.8,4713801.8,-3.15039711821195,-2.99369702934269,9
"315",16,2010-07-04,552110.1,4713791.1,-8.51986726243495,-15.0331650564342,10
"316",16,2010-07-05,552112.7,4713807.4,-9.28030892109688,1.45536818663925,11
"317",16,2010-07-06,552146.8,4713796,26.4232185848014,-2.79058561084971,12
"318",16,2010-08-03,552166.7,4713782.4,48.668215900522,-12.0712156761923,40
"319",16,2010-08-04,552430.9,4713751.8,313.582758304734,11.5568443973322,41
"320",16,2010-08-05,552353.2,4713754.4,236.970690713713,-1.65834002977852,42
"321",16,2010-08-12,552231,4713784,111.306907597342,2.53851746700773,49
"322",16,2010-08-15,552212.8,4713786.1,93.0592970932652,0.903063130059483,52
"323",16,2010-08-16,552316.1,4713767.8,197.923839289815,3.93749716078812,53
"324",16,2010-08-19,552231.9,4713782.8,112.431612356957,1.54602605435532,56
"325",16,2010-08-20,552353,4713761.6,235.31435757372,5.35140750623268,57
"326",16,2010-08-22,552351.8,4713756.4,235.194103846928,0.0160969217088365,59
"327",16,2010-08-23,552353.2,4713753.2,237.214105881877,-2.83339281853077,60
"328",16,2010-08-24,552402,4713744.4,286.784630516656,-1.55156309736039,61
"329",16,2010-08-25,552404.5,4713744.7,289.171803367516,-0.750684966802766,62
"330",16,2010-08-26,552362.2,4713752.7,246.128424782871,-1.49738438615037,63
"331",17,2010-06-25,552628.7,4713705.7,516.621825662726,6.53816664969564,1
"332",17,2010-06-26,552644.5,4713693.5,534.568074921602,-2.20323698726766,2
"333",17,2010-06-27,552654.1,4713692.1,544.252481593029,-1.62681056262073,3
"334",17,2010-06-28,552627.9,4713700,516.994679185722,0.794389125069401,4
"335",17,2010-06-29,552624.6,4713698.9,513.986414587817,-0.952134309779737,5
"336",17,2010-06-30,552626.7,4713700,515.819626397084,0.550973956928402,6
"337",17,2010-07-01,552626,4713695.3,516.087555012331,-4.19330831321712,7
"338",17,2010-07-02,552672.6,4713688.8,563.037270462458,-1.10555522238359,8
"339",17,2010-07-03,552606.5,4713695.7,496.91180880862,-7.7571205320566,9
"340",17,2010-07-24,552650.4,4713690.1,541.035094108528,-4.33576197861875,30
"341",17,2010-07-25,552601,4713703.8,489.883097809561,-0.941167063489459,31
"342",17,2010-07-27,552579.3,4713706.9,468.005404031861,-2.30737164942077,33
"343",17,2010-07-28,552636.1,4713712,522.590054892969,14.2082539929584,34
"344",17,2010-07-29,552674.5,4713686.3,565.404885644647,-3.1681745156986,35
"345",17,2010-07-30,552674.1,4713686.9,564.891493797591,-2.66178651024683,36
"346",17,2010-07-31,552650.5,4713698.2,539.489962789251,3.61612894211412,37
"347",17,2010-08-01,552693.1,4713681.2,584.652718331921,-4.38921376079466,38
"348",17,2010-08-02,552611.8,4713697,501.837925526083,-5.40906301871873,39
"349",17,2010-08-03,552619.7,4713697.6,509.451982133422,-3.21905343464923,40
"350",17,2010-08-04,552610.4,4713696.3,500.609022787507,-6.37849484171956,41
"351",17,2010-08-05,552610,4713712.7,496.890664560152,9.59942154638624,42
"352",17,2010-08-12,552626.6,4713700.6,515.599997747404,1.11821575350936,49
"353",17,2010-08-13,552632.1,4713702.5,520.600249012073,4.09436885635769,50
"354",17,2010-08-14,552609.6,4713719.8,495.058773885931,16.4706788223461,51
"355",17,2010-08-15,552629.5,4713713.1,515.90413398515,13.9466022907566,52
"356",17,2010-08-16,552606.6,4713699.7,496.198345980555,-3.81999330615123,53
"357",17,2010-08-17,552671,4713692.4,560.740287906561,2.09504958637544,54
"358",17,2010-08-18,552634.5,4713715.3,520.353926129254,17.1150956038454,55
"359",17,2010-08-19,552625.9,4713697.6,515.523088207768,-1.96140839931314,56
"360",17,2010-08-20,552615.5,4713702.2,504.40620589554,0.43336250031463,57
"361",18,2010-06-25,552647.4,4713699.6,536.170425389433,4.35820134390886,1
"362",18,2010-06-26,552677.9,4713712.6,563.399352777543,23.274742076639,2
"363",18,2010-06-27,552742.9,4713694,630.820980597634,18.2464121277073,3
"364",18,2010-06-28,552651.5,4713696.7,540.773442406551,2.35015892984082,4
"365",18,2010-06-29,552642.5,4713698,531.696846726844,1.79751902299127,5
"366",18,2010-06-30,552648.6,4713698,537.670031735384,3.03487946096456,6
"367",18,2010-07-01,552650.4,4713695.1,540.020864241333,0.560291307088974,7
"368",18,2010-07-02,552651.4,4713692.7,541.486905234615,-1.58696829606454,8
"369",18,2010-07-03,552648.3,4713698.7,537.234276356865,3.65947312912849,9
"370",18,2010-07-23,552644.6,4713697.2,533.915465885532,1.44012704167764,29
"371",18,2010-07-24,552643.5,4713702.1,531.844388892961,6.01512869034583,30
"372",18,2010-07-25,552650.7,4713693.2,540.700034787828,-1.23935514891525,31
"373",18,2010-07-27,552648.5,4713697.4,537.693818253681,2.42706846970523,33
"374",18,2010-07-28,552750.1,4713697.3,637.201905616696,22.9382983048435,34
"375",18,2010-07-29,552748.1,4713697.9,635.121776718236,23.1201327527976,35
"376",18,2010-07-30,552749.1,4713697,636.283548751549,22.4416891344444,36
"377",18,2010-07-31,552752.7,4713697.1,639.788422519967,23.2698557041696,37
"378",19,2010-06-26,552875.3,4713655.3,768.318610775325,7.207766579478,1
"379",19,2010-06-27,552979.7,4713649.6,871.704425429451,22.8033854606035,2
"380",19,2010-06-29,552983.6,4713648.5,875.746477563033,22.5173530345295,4
"381",20,2010-06-26,552931.1,4713660.8,821.84291258984,23.9122305116396,1
"382",20,2010-06-27,552986,4713649.1,877.974875556208,23.591709764708,2
"383",20,2010-06-28,552984.2,4713648.3,876.374573152021,22.4432184869775,3
"384",20,2010-06-30,552979.1,4713651.8,870.670637893585,24.8359413224386,5
"385",20,2010-07-01,552977.1,4713649.7,869.138193123449,22.3739069959281,6
"386",20,2010-07-02,552933,4713651.5,825.589880391377,15.1909787499445,7
"387",20,2010-07-03,552931.2,4713653.3,823.462178456324,16.5884351804172,8
"388",20,2010-07-04,552987,4713650.3,878.710671045185,24.9696085268993,9
"389",20,2010-07-05,552986.3,4713649.5,878.187500363945,24.0442478199706,10
"390",22,2010-06-27,552049.8,4713817.9,-73.0025419763186,-1.02193164266995,1
"391",22,2010-06-28,552049.3,4713819,-73.7152778755967,-0.046222906898544,2
"392",22,2010-06-29,552050.4,4713816.3,-72.0904620244407,-2.46696111058491,3
"393",22,2010-06-30,552080.6,4713795.7,-38.3396731260434,-16.512752249487,4
"394",22,2010-07-01,552077.5,4713794.2,-41.0709572030008,-18.6103907528556,5
"395",22,2010-07-02,552078.2,4713799.6,-41.4808779995047,-13.1806610234405,6
"396",22,2010-07-03,552079.3,4713797,-39.8763467456919,-15.503478160842,7
"397",22,2010-07-04,552076.8,4713795.5,-42.0201044283873,-17.4794090801518,8
"398",22,2010-07-05,552078.1,4713799.8,-41.6193682599217,-13.005103489169,9
"399",23,2010-06-27,552352.6,4713754.6,236.342595124914,-1.58420548313847,1
"400",23,2010-06-28,552550.2,4713711.3,438.617851625932,-3.9016625856395,2
"401",23,2010-06-29,552525.3,4713719.1,412.653307670412,-1.31468419873053,3
"402",23,2010-06-30,552522.9,4713724.4,409.228118433872,3.38830194859086,4
"403",23,2010-07-01,552353.4,4713752.5,237.551940194819,-3.47827108401027,5
"404",23,2010-07-02,552348.7,4713757.5,231.93542023899,0.464406126519897,6
"405",23,2010-07-03,552351.3,4713756.7,234.643644726363,0.208437131949402,7
"406",23,2010-07-04,552641.1,4713710.3,527.830946333561,13.5578257428305,8
"407",23,2010-07-05,552628.2,4713711,515.057136674967,11.6265601456439,9
"408",23,2010-07-06,552351.4,4713748.9,236.323764384841,-7.40912139623308,10
"409",23,2010-08-12,552494.3,4713727.1,380.675009511512,0.230775881792226,47
"410",23,2010-08-13,552482.4,4713726.4,369.164394872761,-2.86853866140633,48
"411",23,2010-08-14,552305.7,4713774,186.48240342016,7.89900511147757,49
"412",23,2010-08-15,552352.7,4713754.7,236.420231593148,-1.46599981953796,50
"413",23,2010-08-16,552306.8,4713767.9,188.796895581009,2.14895067408074,51
"414",23,2010-08-17,552501,4713725.8,387.499420679748,0.31687004972261,52
"415",23,2010-08-18,552496.8,4713727.4,383.062182362183,1.03165401326181,53
"416",23,2010-08-19,552502.5,4713725.2,389.089944249448,0.0336126159609904,54
"417",23,2010-08-20,552490.1,4713730.8,375.811794649687,3.0019022249403,55
"418",23,2010-08-22,552497.9,4713727.7,384.078460293022,1.54854778100008,57
"419",23,2010-08-23,552500.9,4713721,388.375160286526,-4.40362570171361,58
"420",23,2010-08-24,552483.4,4713728.5,369.717628985757,-0.609350308334854,59
"421",23,2010-08-25,552501.2,4713720.4,388.790631067588,-4.93029830361621,60
"422",23,2010-08-26,552499,4713726,385.500430170739,0.107020234455263,61
"423",24,2010-06-27,552459.8,4713736.8,344.924635897733,2.73093317260145,1
"424",24,2010-06-28,552562.1,4713715.4,449.438789954726,2.52696819311706,2
"425",24,2010-06-29,552484.9,4713729,371.085021984749,0.184523980394459,3
"426",24,2010-06-30,552462.9,4713731.9,348.954134204587,-1.43837652918872,4
"427",24,2010-07-01,552486.1,4713725.1,373.051174069761,-3.39098241470498,5
"428",24,2010-07-02,552492.2,4713724.3,379.186635857015,-2.93699050226253,6
"429",24,2010-07-03,552496.8,4713720.8,384.400965786994,-5.43113632441955,7
"430",24,2010-07-23,552527.3,4713741.6,410.047694582318,21.1232475338323,27
"431",24,2010-07-24,552511.5,4713754.9,391.878314752545,30.9417828941984,28
"432",24,2010-07-25,552479.3,4713731,365.195750357901,1.00700784342376,29
"433",24,2010-07-27,552483.2,4713724.5,370.333170748016,-4.56676213160301,31
"434",24,2010-07-28,552555.4,4713715.2,442.918647746649,0.972058039474376,32
"435",24,2010-07-29,552480.4,4713724.4,367.611665505356,-5.23265192256746,33
"436",24,2010-07-30,552480.5,4713733.6,365.84340361556,3.79637071974436,34
"437",24,2010-07-31,552499.8,4713752.1,380.989518789815,25.8266951642455,35
"438",25,2010-06-28,552655.6,4713705.2,543.064015326576,11.5051180066392,1
"439",25,2010-06-30,552940.3,4713653.7,832.291857046952,18.8260178019526,3
"440",25,2010-07-01,552932.7,4713649.1,825.782947530518,12.7800193803988,4
"441",25,2010-07-02,552933.4,4713645.7,827.158071300165,9.59269532808625,5
"442",25,2010-07-23,552872.9,4713660.8,764.852852344248,12.1065948574981,26
"443",26,2010-06-28,552718,4713688.5,607.554288088701,7.80988877479254,1
"444",26,2010-06-29,552716.6,4713688.5,606.18339316868,7.52590441197319,2
"445",26,2010-06-30,552754.6,4713684.8,644.143928241821,11.6109719710498,3
"446",26,2010-07-01,552752.1,4713682.9,642.081308948388,9.24335678943051,4
"447",26,2010-07-02,552680.7,4713687.9,571.151438161264,-0.34379242841247,5
"448",26,2010-07-03,552680.7,4713687.9,571.151438161264,-0.34379242841247,6
"449",26,2010-07-04,552680.6,4713684.3,571.783762600066,-3.8892353920084,7
"450",26,2010-07-05,552681.7,4713687.3,572.252356402582,-0.728472849805556,8
"451",26,2010-07-06,552672.7,4713712,558.429164944326,21.6324166208218,9
"452",27,2010-06-28,552471.6,4713761.4,351.489310705221,29.2130978253969,1
"453",27,2010-06-29,552314.7,4713761.9,197.749735612971,-2.12383007861917,2
"454",27,2010-06-30,552318.2,4713748.3,203.93567815185,-14.7311341092548,3
"455",27,2010-07-01,552354.4,4713747.7,239.50481152443,-7.97563626466827,4
"456",27,2010-07-02,552422,4713732.9,308.701572354036,-8.75556618570777,5
"457",27,2010-07-03,552378.3,4713748.2,262.806523243416,-2.63801217090022,6
"458",27,2010-07-23,552374,4713746.9,258.859617183095,-4.78322371079906,26
"459",27,2010-07-24,552364,4713745.8,249.290641182576,-7.88881516859213,27
"460",27,2010-07-25,552366.6,4713750.9,250.802074426469,-2.36744128568635,28
"461",27,2010-07-28,552358.4,4713765.5,239.81099582582,10.2656973260249,31
"462",27,2010-07-31,552440.5,4713761.9,320.934436281423,23.3941933800189,34
"463",28,2010-06-28,552471.4,4713746.4,354.336158175424,14.4843687735954,1
"464",28,2010-06-29,552463.6,4713760.1,343.919325213711,26.3173561828712,2
"465",28,2010-06-30,552521.8,4713736,405.797973419222,14.5240150002898,3
"466",28,2010-07-01,552522.7,4713734.7,406.942962775991,13.4336025222644,4
"467",28,2010-07-02,552463.7,4713737.6,348.58128068178,4.30540099452558,5
"468",28,2010-07-03,552479.3,4713745,362.355906729755,14.7159570434054,6
"469",30,2010-07-23,551715.1,4713896.2,-416.6271886419,7.75771550127673,1
"470",30,2010-07-24,551768,4713874.8,-360.486041047418,-2.46684056698828,2
"471",30,2010-07-25,551738.8,4713893.9,-392.953350328705,10.3129805605525,3
"472",30,2010-07-27,551717.3,4713895.5,-414.330933014675,7.51852918267527,5
"473",30,2010-07-28,551770.7,4713870.4,-356.949649990164,-6.22768332958799,6
"474",30,2010-07-29,551715.8,4713890.4,-414.765234535924,2.22028587145965,7
"475",30,2010-07-30,551715.8,4713890.4,-414.765234535924,2.22028587145965,8
"476",30,2010-07-31,551733.8,4713898.2,-398.721641300162,13.5093565188836,9
"477",30,2010-08-01,551714.6,4713889.1,-415.67658755894,0.703896848305092,10
"478",30,2010-08-02,551732.2,4713894.5,-399.537848249918,9.56172352975622,11
"479",30,2010-08-03,551713.3,4713895.9,-418.328914032692,7.0988295521406,12
"480",30,2010-08-04,551768.1,4713871.7,-359.759297464142,-5.4821090064231,13
"481",30,2010-08-05,551768,4713875,-360.526610242144,-2.27099843537758,14
"482",31,2010-07-23,551825.1,4713857,-300.962454197482,-8.31428518056211,1
"483",31,2010-07-24,551776.1,4713876.9,-352.98041126893,1.23255419840747,2
"484",31,2010-07-25,551827.6,4713859.4,-299.001257890958,-5.45706466946007,3
"485",31,2010-07-27,551827.3,4713856.9,-298.787906154434,-7.96594510433147,5
"486",31,2010-07-28,551827.4,4713856.7,-298.649415894017,-8.14150263860299,6
"487",31,2010-07-29,551827.5,4713860.5,-299.322309527356,-4.40021754430833,7
"488",31,2010-07-30,551823.6,4713864.2,-303.891761191993,-1.56823740911912,8
"489",31,2010-07-31,551820.1,4713855.9,-305.635376912483,-10.4056467702481,9
"490",32,2010-07-23,551831,4713857.5,-295.286534307044,-6.6278886086964,1
"491",32,2010-07-24,551758.3,4713898.1,-374.710695602737,18.3811618018783,2
"492",32,2010-07-25,551763.8,4713898.9,-369.487313767361,20.2801831822357,3
"493",32,2010-07-28,551773,4713895.3,-359.748330217211,18.6212077716085,6
"494",32,2010-07-30,551778.4,4713884.5,-352.26985615552,9.14110093123763,8
"495",32,2010-07-31,551773.6,4713885.4,-357.152628686016,9.04872985051306,9
"496",33,2010-07-23,551997.3,4713826.9,-126.236715237201,-2.85844933394455,1
"497",33,2010-07-24,552087.8,4713809.6,-34.1089154252449,-1.44123310699161,2
"498",33,2010-07-25,552159.3,4713795.4,38.7850593830586,-0.842537336782108,3
"499",33,2010-07-27,551999.2,4713826.8,-124.355930391266,-2.57096305069064,5
"500",33,2010-07-28,552084.4,4713823.7,-40.2983598851524,11.675960849554,6
"501",33,2010-07-29,552159.4,4713795.8,38.8018420594876,-0.430568477133487,7
"502",33,2010-07-30,552155.9,4713795.7,35.3948893567606,-1.23845044951942,8
"503",33,2010-07-31,552017.5,4713825.9,-106.253813989548,0.259828672372645,9
"504",33,2010-08-01,552017.1,4713822,-105.85439895594,-3.64023128022449,10
"505",33,2010-08-02,552087.7,4713808.3,-33.9431367256173,-2.73449155845602,11
"506",33,2010-08-03,552087.2,4713835.1,-39.869014142316,23.4069310660355,12
"507",33,2010-08-04,551979.9,4713827.2,-143.33583446348,-6.09420607482814,13
"508",33,2010-08-05,551982,4713828.3,-141.502622654213,-4.59109780812001,14
"509",33,2010-08-12,552039,4713819.4,-83.8822860336514,-1.74385217010848,21
"510",33,2010-08-13,552085.6,4713808.8,-36.1009020923112,-2.67086277410247,22
"511",33,2010-08-14,552086.3,4713811.8,-36.0239925525608,0.408761378743652,23
"512",33,2010-08-15,552023.9,4713822.4,-99.276904876783,-1.86919439760831,24
"513",33,2010-08-16,552086,4713810.4,-36.0337713870476,-1.02298733274849,25
"514",33,2010-08-17,552085.1,4713805.9,-36.0022540980222,-5.61199666598528,26
"515",33,2010-08-18,552084.5,4713826.7,-40.8089767397781,14.6338774183178,27
"516",33,2010-08-19,552025.9,4713822.3,-97.2981989650426,-1.56142351699161,28
"517",33,2010-08-20,552025.4,4713824.9,-98.3152038246682,0.883101205404074,29
"518",33,2010-08-22,552026,4713820.3,-96.7945859524732,-3.49956023393552,31
"519",33,2010-08-23,552028.3,4713817.9,-94.0555711048618,-5.38312007160886,32
"520",33,2010-08-24,552028.7,4713821,-94.2927093596818,-2.26642864547814,33
"521",33,2010-08-25,552025.3,4713816.1,-96.6280803239451,-7.75423717551027,34
"522",33,2010-08-26,552026.2,4713820.5,-96.6393130158161,-3.26314890764646,35
"523",34,2010-07-23,552314.6,4713765.4,196.941853640243,1.28312262403706,1
"524",34,2010-07-24,552316.7,4713761.9,199.708156927254,-1.71813813174114,2
"525",34,2010-07-25,552340,4713760.1,222.888887991039,1.24559386581311,3
"526",34,2010-07-27,552315.8,4713765.3,198.137191026338,1.42861672591672,5
"527",34,2010-07-28,552317.4,4713762,200.373319790053,-1.47822488497028,6
"528",34,2010-07-29,552316.7,4713761.4,199.809579913973,-2.20774346031191,7
"529",34,2010-07-30,552315,4713767,197.008984345695,2.93099806447908,8
"530",34,2010-07-31,552315.2,4713764.8,197.651087618682,0.817303813263642,9
"531",34,2010-08-01,552312.3,4713772.2,193.310316509538,7.4752093535216,10
"532",35,2010-07-23,552664.6,4713712.3,550.436704829509,20.2831274329306,1
"533",35,2010-07-24,552640.7,4713703.7,528.778045495303,7.01389701668077,2
"534",35,2010-07-25,552630.1,4713714.1,516.288814405973,15.0475205319568,3
"535",35,2010-07-27,552517.9,4713713.4,406.563370855993,-8.39724514716123,5
"536",35,2010-07-28,552628.2,4713712.3,514.793436909534,12.8995339997455,6
"537",35,2010-07-29,552516.7,4713713,405.469456456806,-9.03234457852363,7
"538",35,2010-07-30,552648.3,4713699.9,536.9908611887,4.83452591788074,8
"539",35,2010-07-31,552514,4713713.9,402.643026306399,-8.69873911500736,9
"540",35,2010-08-01,552629.2,4713713.6,515.508947801242,14.3753538272862,10
"541",35,2010-08-02,552654.1,4713699.2,542.812275181498,5.32558510363141,11
"542",35,2010-08-03,552650.5,4713698.2,539.489962789251,3.61612894211412,12
"543",35,2010-08-04,552650.7,4713698.6,539.604666531371,4.04838239910192,13
"544",36,2010-07-23,552593.7,4713706.8,482.126322092065,0.515689301820885,1
"545",36,2010-07-24,552629.1,4713719.2,514.275089284179,19.8386489104868,2
"546",36,2010-07-27,552513.8,4713729.7,399.242217794718,6.7322200729683,5
"547",36,2010-07-28,552337,4713758.6,220.255524979773,-0.831760040216267,6
"548",36,2010-07-29,552611.9,4713714.9,498.30490366714,12.1390923418189,7
"549",36,2010-07-30,552574.6,4713728,459.123063903739,17.4005971407235,8
"550",36,2010-07-31,552668.4,4713712.9,554.035997742516,21.6414685268404,9
"551",36,2010-08-01,552605.3,4713727.3,489.326823259498,22.9425210651341,10
"552",36,2010-08-02,552649.2,4713714,535.012022554622,18.823957559288,11
"553",36,2010-08-03,552608.1,4713711.1,495.354717869176,7.64727714487373,12
"554",36,2010-08-04,552654.7,4713704.9,542.24357952712,11.0287934335793,13
"555",36,2010-08-05,552612.4,4713725.4,496.664626274601,22.5222272285246,14
"556",36,2010-08-12,552614.4,4713724.1,498.886747354506,21.6549453203891,21
"557",36,2010-08-13,552612.4,4713714.7,498.835078190437,12.0446731969277,22
"558",36,2010-08-18,552611.1,4713723.7,495.736490575156,20.5938693457214,27
"559",36,2010-08-19,552647.9,4713698.9,536.80202289926,3.77417687135886,28
"560",36,2010-08-20,552649.7,4713702.6,537.814071980473,7.76237905422907,29
"561",36,2010-08-25,552647.9,4713696.9,537.207714846138,1.81575555707578,34
"562",37,2010-07-24,552681.1,4713686.4,571.847391384302,-1.73147002474447,1
"563",37,2010-07-25,552728.7,4713684,618.944649000545,5.57389273344363,2
"564",37,2010-07-27,552782.2,4713662.1,675.774745976008,-5.01856107933347,4
"565",37,2010-07-28,552782.6,4713658.4,676.916960340461,-8.56050212064727,5
"566",37,2010-07-29,552780.9,4713660.3,674.866894873945,-7.04484002746241,6
"567",37,2010-07-30,552779.8,4713662.1,673.42464039896,-5.50539141556823,7
"568",37,2010-07-31,552779.9,4713660.9,673.765976632627,-6.66015960606933,8
"569",37,2010-08-01,552709.5,4713663.8,604.241293046979,-18.1008052310177,9
"570",37,2010-08-02,552782.5,4713660.6,676.372778133355,-6.42652327300462,10
"571",37,2010-08-03,552732.5,4713672,625.099801178997,-5.40582045317718,11
"572",37,2010-08-04,552732.1,4713670.8,624.951532084282,-6.66201163130975,12
"573",37,2010-08-05,552645.1,4713702.2,533.390841346907,6.43760331410488,13
"574",38,2010-07-24,552650.4,4713700.1,539.006634374138,5.4563445927967,1
"575",38,2010-07-25,552732.6,4713685.3,622.499870797987,7.63796588396215,2
"576",38,2010-07-27,552697.1,4713673.7,590.09090576128,-10.9219097956002,4
"577",38,2010-07-28,552711.2,4713662.1,606.250789318959,-19.4206251935038,5
"578",38,2010-07-29,552716,4713685.3,606.244973889461,4.27072272487916,6
"579",38,2010-07-30,552715.2,4713686.2,605.279043987531,4.98973553791068,7
"580",42,2010-06-25,552568.8,4713709.5,457.196292601009,-1.89130666232724,1
"581",42,2010-06-26,552494,4713725.8,380.644946079757,-1.10305176435052,2
"582",42,2010-06-27,552312.9,4713751.7,198.0561853593,-12.4769015338214,3
"583",42,2010-06-28,552484.9,4713732.5,370.375061077713,3.61176128038986,4
"584",42,2010-06-29,552592.4,4713708.9,480.427371693514,2.30833191690876,5
"585",42,2010-06-30,552577,4713708.1,465.509804352414,-1.59886460049968,6
"586",42,2010-07-01,552507.7,4713721,395.03379275502,-3.02427308234245,7
"587",42,2010-07-02,552529.6,4713715.9,417.513020610906,-3.57592061508029,8
"588",42,2010-07-03,552593,4713711.8,480.426644764916,5.26975040613074,9
"589",42,2010-07-23,552594.9,4713710.4,482.57112937621,4.28426283621862,29
"590",42,2010-07-24,552506.3,4713725.5,392.750090954638,1.09819051199878,30
"591",42,2010-07-25,552597.8,4713708.2,485.857101423546,2.7182527133027,31
"592",46,2010-07-29,552051.7,4713816.5,-70.8580573649507,-2.00741921351765,1
"593",46,2010-07-30,552050.3,4713819.1,-72.7563518157235,0.254544131889846,2
"594",46,2010-07-31,552051.8,4713820.1,-71.4903818034502,1.53802374918992,3
"595",46,2010-08-01,552050.3,4713816.6,-72.2492368821259,-2.19348251096402,4
"596",46,2010-08-02,552047.2,4713804.6,-72.8506382380877,-14.5728329143424,5
"597",46,2010-08-03,552099.2,4713804.5,-21.911399469459,-4.12276336086278,6
"598",46,2010-08-04,552084.6,4713827.3,-40.8327632580746,15.2416884095771,7
"599",46,2010-08-05,552083.2,4713826.6,-42.0616659966505,14.2722565865763,8
"600",48,2010-06-25,552373.9,4713744.4,259.268811051001,-7.25153495099211,1
"601",48,2010-06-26,552357.7,4713752.3,241.803115215185,-2.80187552984736,2
"602",48,2010-06-27,552356.8,4713756.7,240.029303340642,1.32408998586401,3
"603",48,2010-06-28,552434.3,4713748.7,317.540897056623,9.21096767025563,4
"604",48,2010-06-29,552353.5,4713749,238.359822167547,-6.8852237866665,5
"605",48,2010-06-30,552357.1,4713756.6,240.343351135173,1.2870227116202,6
"606",48,2010-07-01,552373.9,4713748.8,258.376288767983,-2.94300806011648,7
"607",48,2010-07-02,552373.2,4713746.1,258.238525436239,-5.72886901600253,8
"608",48,2010-07-03,552373.3,4713747.1,258.133600528605,-4.72937376149819,9
"609",48,2010-07-04,552340.3,4713756.2,223.973750484526,-2.51247390445059,10
"610",48,2010-07-05,552348.8,4713763.1,230.897403853613,5.96827040351057,11
"611",48,2010-07-06,552322,4713762.2,204.837119618156,-0.349291275544815,12
"612",48,2010-07-23,552374,4713749.7,258.291648457504,-2.04143387098512,29
"613",48,2010-07-24,552366,4713752.1,249.971132864231,-1.31409608190475,30
"614",48,2010-07-25,552374.7,4713745.7,259.788479811213,-5.81628431815344,31
"615",48,2010-07-27,552349.4,4713751.2,233.898797331686,-5.56262883186796,33
"616",48,2010-07-28,552347.2,4713755.7,230.831727005431,-1.60244201631102,34
"617",48,2010-07-29,552386.8,4713746.3,271.515221178729,-2.77432164560228,35
"618",48,2010-07-30,552384.7,4713750.3,268.647494904885,0.716544438723069,36
"619",48,2010-07-31,552353.3,4713756.3,236.683204430097,0.222444815606032,37
"620",48,2010-08-01,552354.2,4713755,237.828193786866,-0.86796766241936,38
"621",48,2010-08-02,552375.8,4713749,260.196219821849,-2.36175857896692,39
"622",48,2010-08-03,552346.3,4713753.6,230.37641395843,-3.84134577293167,40
"623",48,2010-08-04,552429.8,4713749,313.073595307493,8.59192398674011,41
"624",48,2010-08-05,552367.7,4713750.4,251.980629136021,-2.63391604347892,42
"625",52,2010-06-25,551893.3,4713844.5,-231.644712712373,-6.72032300627615,1
"626",52,2010-06-26,551892.6,4713843.8,-232.188167990995,-7.5477626478791,2
"627",52,2010-06-27,551892.2,4713842.6,-232.33643708571,-8.80395382601167,3
"628",52,2010-06-28,551905.5,4713844.9,-219.779481084743,-3.85391786710816,4
"629",52,2010-06-29,551905.3,4713844.4,-219.873900229406,-4.38409239035728,5
"630",52,2010-06-30,551907.4,4713840.9,-217.107596942395,-7.38535314613547,6
"631",52,2010-07-01,551858.1,4713846.6,-266.53890438797,-11.8041588917113,7
"632",52,2010-07-02,551890,4713843.9,-234.754400296998,-7.97724111255449,8
"633",52,2010-07-03,551905.9,4713842.5,-218.900966485534,-6.12288505523232,9
"634",52,2010-07-04,551830.5,4713859.2,-296.120977790499,-5.06465347809289,10
"635",52,2010-07-05,551829.8,4713859.5,-296.867279042446,-4.91288246253068,11
"636",52,2010-07-06,551833.5,4713859.1,-293.163061221617,-4.55403662403717,12
"637",52,2010-07-24,551826.4,4713857.1,-299.709764940421,-7.95266434973257,30
"638",52,2010-07-25,551827.9,4713861.1,-299.052332848465,-3.73155276100785,31
"639",52,2010-07-27,551892.4,4713844.3,-232.485433109097,-7.09872651398669,33
"640",52,2010-07-28,551825.8,4713859.8,-300.844975463006,-5.43050315932669,34
"641",52,2010-07-29,551831.7,4713857.4,-294.580802249822,-6.5838174926479,35
"642",52,2010-07-30,551826.2,4713856.7,-299.824468682655,-8.38491780674399,36
"643",52,2010-07-31,551893.3,4713842.9,-231.320159154946,-8.28706005733783,37
"644",52,2010-08-01,551973.2,4713827.2,-149.896545866397,-7.45327409688374,38
"645",52,2010-08-02,551892.6,4713843.4,-232.107029601733,-7.93944691018854,39
"646",52,2010-08-03,551826,4713859,-300.48685655291,-6.17330249017918,40
"647",52,2010-08-04,551885.3,4713845,-239.579820956225,-7.85348546521752,41
"648",52,2010-08-05,551830,4713863.7,-297.523389999545,-0.759628507675451,42
"649",55,2010-07-29,552013.6,4713826.9,-110.275581525862,0.447940033097293,1
"650",55,2010-07-30,552012.1,4713827.6,-111.886389692831,0.829118532208277,2
"651",58,2010-07-31,551528.2,4713935.8,-607.674361009787,8.62254508795972,1
"652",58,2010-08-01,551582.5,4713920.7,-551.440248128102,4.85100052323536,2
"653",58,2010-08-02,551599.3,4713919.1,-534.664955530462,6.69207582504669,3
"654",58,2010-08-03,551714.9,4713898.3,-417.249007317429,9.77348868623083,4
"655",58,2010-08-04,551528.4,4713928.4,-605.977458674955,1.41695542036143,5
"656",58,2010-08-05,551581.3,4713920.9,-552.655870111352,4.80342748672869,6
"657",58,2010-08-20,551591.3,4713922.4,-543.168032500095,8.30070320683119,21
"658",58,2010-08-22,551601.3,4713913.2,-531.509742973002,1.32042489533679,23
"659",58,2010-08-23,551526.3,4713930.5,-608.459777599076,3.04732125577668,24
"660",58,2010-08-24,551592.6,4713919.4,-541.286520725562,5.62677100086313,25
"661",58,2010-08-25,551593.9,4713914.4,-538.999317004037,0.994417480635562,26
"662",58,2010-08-26,551499.9,4713926.7,-633.540124248605,-6.02881293997363,27
"663",59,2010-07-31,551964.3,4713830.3,-159.240343232451,-6.22305022369811,1
"664",59,2010-08-01,551769.8,4713874.9,-358.743746461975,-2.00379674852726,2
"665",59,2010-08-02,551827.2,4713859,-299.311803764386,-5.9298873220618,3
"666",59,2010-08-03,551842.9,4713844.5,-280.996929832329,-16.9437600676074,4
"667",59,2010-08-04,551844.3,4713854.2,-281.593640854705,-7.16143233033271,5
"668",59,2010-08-05,551847.7,4713857.2,-278.872862540832,-3.53412404923429,6
"669",60,2010-07-31,551972.1,4713830.9,-151.724207690992,-4.05332523605582,1
"670",60,2010-08-01,551842.6,4713847.8,-281.960084741828,-13.7732186912639,2
"671",60,2010-08-02,552020.6,4713824.7,-102.974845784268,-0.286401598723362,3
"672",60,2010-08-03,551968.9,4713827.9,-154.249143873483,-7.64006432247588,4
"673",60,2010-08-04,551971.2,4713829.3,-152.280943724827,-5.80262366412931,5
"674",60,2010-08-05,552050,4713816.6,-72.543000079314,-2.25433630300517,6
"675",60,2010-08-15,551974.5,4713829,-148.98869476422,-5.42699514873118,16
"676",60,2010-08-16,552023.5,4713823.2,-99.8308659183758,-1.1669642614578,17
"677",60,2010-08-17,551894,4713849.6,-231.993779716883,-1.58435647382118,18
"678",60,2010-08-18,551997.1,4713830.8,-127.223656664996,0.919903033658326,19
"679",60,2010-08-19,551981.7,4713829,-141.938378032847,-3.96650413997968,20
"680",60,2010-08-20,551978.6,4713824.9,-144.142262578938,-8.61009035155147,21
"681",60,2010-08-22,551843.9,4713848.7,-280.86967226367,-12.6282293339915,23
"682",60,2010-08-23,551844.3,4713846.2,-279.970873067193,-14.9951175874651,24
"683",60,2010-08-24,551843.7,4713849.6,-281.248075771148,-11.7875089378133,25
"684",60,2010-08-25,551843,4713848,-281.608969673675,-13.4962381702728,26
"685",60,2010-08-26,551883.1,4713839,-240.51700856137,-14.1750105496468,27
"686",61,2010-06-27,552462.8,4713761,342.953395311895,27.0363689959263,1
"687",61,2010-06-28,552460.8,4713763.3,340.52842825874,28.8828615602914,2
"688",61,2010-06-29,552361.9,4713751.8,246.017222961967,-2.43952776996008,3
"689",61,2010-06-30,552361.3,4713753.7,245.044289218096,-0.700735105085045,4
"690",61,2010-07-01,552249.7,4713799.8,126.413180505545,21.803265552962,5
"691",61,2010-07-02,552255.4,4713800.5,131.852689069875,23.64493506176,6
"692",61,2010-07-03,552242.2,4713809,117.202917621306,29.2906587980539,7
"693",61,2010-07-04,552245.8,4713801.4,122.269705385168,22.5789033085423,8
"694",61,2010-07-05,552247.6,4713801.9,123.930861581235,23.4336313892892,9
"695",61,2010-07-06,552247.2,4713805.1,122.890070203502,26.4859671020322,10
"696",62,2010-06-28,552619.7,4713700.9,508.782590420922,0.0123417346474355,1
"697",62,2010-06-29,552596.7,4713708.7,484.67854671388,2.98472747107166,2
"698",62,2010-06-30,552601.1,4713703.3,490.082441861972,-1.41048779472106,3
"699",62,2010-07-01,552594.6,4713710.7,482.216512387028,4.51717224113753,4
"700",62,2010-07-02,552600.3,4713693.1,491.368102265443,-11.5607132764843,5
"701",62,2010-07-03,552572,4713703.9,461.465704154999,-6.7257792269597,6
"702",62,2010-07-24,552596.1,4713710.7,483.68532837274,4.82144120129607,27
"703",62,2010-07-25,552597.5,4713708.4,485.522769031633,2.85324105287225,28
"704",62,2010-07-27,552593.9,4713710.3,481.612203316525,3.98349579651826,30
"705",62,2010-07-28,552512.9,4713716.5,401.0384950527,-6.37592197758232,31
"706",62,2010-07-29,552511.4,4713718.8,399.103133328116,-4.4280064264977,32
"707",62,2010-07-30,552507.8,4713724.1,394.50289130324,0.0315645517943608,33
"708",63,2010-08-03,551775.4,4713870.6,-352.387929096067,-5.07846512371169,1
"709",63,2010-08-04,551859.8,4713851.5,-265.868191540688,-6.66118851649247,2
"710",63,2010-08-05,551769.7,4713874.5,-358.76052913833,-2.41576560911146,3
"711",64,2010-08-03,551894.3,4713844.2,-230.604648263237,-6.8112402297972,1
"712",64,2010-08-04,551875.2,4713847.3,-249.936394332317,-7.65004528572735,2
"713",64,2010-08-05,551896,4713843.8,-228.858851756691,-6.85808633818171,3
"714",65,2010-06-25,552394.4,4713740.2,280.194582610885,-7.20587725566909,1
"715",65,2010-06-26,552384.6,4713747.5,269.117542564785,-2.04552999843004,2
"716",65,2010-06-27,552307.9,4713747.3,194.0526543568,-17.7996582928041,3
"717",65,2010-06-28,552253.6,4713778.1,134.633859692084,1.34549358922494,4
"718",65,2010-06-29,552443.5,4713732.7,329.795170677304,-4.59021988837956,5
"719",65,2010-06-30,552394,4713738.2,280.208590294883,-9.24543695933252,6
"720",65,2010-07-01,552391.5,4713737.3,277.9431250282,-10.6338414847222,7
"721",65,2010-07-02,552409.7,4713732.3,296.778988855326,-11.8380980538493,8
"722",65,2010-07-03,552382.3,4713749.2,266.520519898544,-0.847417620002595,9
"723",65,2010-07-04,552501.1,4713723.7,388.023318289586,-1.71918773257069,10
"724",65,2010-07-05,552518,4713734.9,402.300103492746,12.6760685787212,11
"725",65,2010-07-06,552465.2,4713755.4,346.439438340127,22.0396196525332,12
"726",1,2010-08-14,552169.4,4713781.8,51.4337922590494,-12.1110579427249,1
"727",1,2010-08-15,552243.7,4713781.7,124.209428681866,2.86247681843066,2
"728",1,2010-08-16,552242.8,4713782.1,123.247000701268,3.07159970466388,3
"729",1,2010-08-17,552242.4,4713782.1,122.855316438388,2.99046131528355,4
"730",1,2010-08-18,552272.2,4713774,153.678846405918,1.10366500127042,5
"731",1,2010-08-19,552244.2,4713782.6,124.516472634455,3.84518939603039,6
"732",1,2010-08-20,552274.1,4713771.1,156.127599977559,-1.35063855526598,7
"733",1,2010-08-22,552212.1,4713782.9,93.0229567480515,-2.37240315348538,9
"734",1,2010-08-23,552243.4,4713781,124.057657666237,2.11617556623165,10
"735",1,2010-08-24,552211.2,4713781.2,92.4865053114854,-4.21962264690823,11
"736",1,2010-08-25,552242.9,4713780.3,123.710044519111,1.32930511933067,12
"737",1,2010-08-26,552243.2,4713778.9,124.287792078887,0.0192639918972191,13
"738",2,2010-08-14,552161.2,4713797.9,40.1384446979388,1.990896655587,1
"739",2,2010-08-15,552162.3,4713795.9,41.6212683677637,0.255605912105723,2
"740",2,2010-08-16,552161,4713793.6,40.814840252495,-2.26027836552957,3
"741",2,2010-08-17,552152.9,4713795.5,32.4978265800615,-2.04283050144718,4
"742",2,2010-08-18,552161.4,4713795.5,40.8211171657647,-0.318639727215521,5
"743",2,2010-08-19,552169.1,4713784.9,50.511206544087,-9.13635869708011,6
"744",2,2010-08-20,552156.5,4713797.9,35.5361546094191,1.03752058043306,7
"745",2,2010-08-22,552203,4713790.5,82.5705103700252,3.22369948213523,9
"746",2,2010-08-23,552154.8,4713791.2,35.2305645144033,-5.86802897743458,10
"747",2,2010-08-24,552139.1,4713791.7,19.7555342104931,-8.56310543187058,11
"748",2,2010-08-25,552172.2,4713779.5,54.6421278378493,-13.795273728353,12
"749",2,2010-08-26,552187.5,4713777.2,70.0905966310325,-12.9439148459697,13
"750",3,2010-08-14,552169.4,4713788.1,50.1558626264213,-5.94203080291559,1
"751",3,2010-08-15,552237.8,4713785.2,117.722124897786,5.09292287515475,2
"752",3,2010-08-16,552191.1,4713790.7,70.8773343552925,1.00567452981688,3
"753",3,2010-08-17,552354.7,4713758.5,237.607838208401,2.66069262429556,4
"754",3,2010-08-18,552199.4,4713787.3,79.6944591193811,-0.640020125275852,5
"755",3,2010-08-19,552195.3,4713790.9,74.9494499206298,2.05346974988563,6
"756",3,2010-08-20,552193.9,4713786.5,74.471077283816,-2.5390415047213,7
"757",3,2010-08-23,552406.3,4713742.2,291.441497484014,-2.83358885745695,10
"758",3,2010-08-24,552191.1,4713787,71.6278644570546,-2.61740490178923,11
"759",3,2010-08-25,552431.3,4713749.4,314.461272903754,9.28787721012005,12
"760",3,2010-08-26,552463.4,4713727.3,350.37683101109,-5.84132256586749,13
"761",4,2010-08-14,552465.7,4713729,352.284177367563,-3.71011870964888,1
"762",4,2010-08-15,552241.2,4713781.9,121.720832844287,2.55120401644382,2
"763",4,2010-08-16,552192,4713784.6,72.995984384834,-4.78494910319388,3
"764",4,2010-08-17,552197.6,4713788.3,77.7290339630417,-0.0259322203339867,4
"765",4,2010-08-18,552199.7,4713789.2,79.6028149668455,1.28133391567541,5
"766",4,2010-08-19,552195.6,4713787.6,75.9126048302037,-1.1170716273935,6
"767",4,2010-08-20,552241.8,4713780.3,122.632912796279,1.10617454855247,7
"768",4,2010-08-22,552240.9,4713779.9,121.832761594091,0.53192891014319,9
"769",4,2010-08-23,552313,4713766.5,195.151986018132,2.03570078903027,10
"770",4,2010-08-24,552303.7,4713770.6,185.213658415645,4.16399692995348,11
"771",4,2010-08-25,552243.3,4713776.4,124.89282807829,-2.40847805359385,12
"772",4,2010-08-26,552241.3,4713775.9,123.035829750726,-3.30377532904266,13
"773",6,2010-08-19,552361.9,4713751.3,246.118645948687,-2.92913309853085,1
"774",6,2010-08-20,552422.2,4713755.4,304.33338008304,13.3172427946553,2
"775",6,2010-08-22,552359.5,4713752.6,243.504840606091,-2.1429895806876,4
"776",6,2010-08-23,552404.3,4713742,289.523645364456,-3.43512293594569,5
"777",6,2010-08-24,552449,4713732.5,335.221398486308,-3.67040916607566,6
"778",6,2010-08-25,552459,4713754.5,340.550893642065,19.9006850254285,7
"779",6,2010-08-26,552461.2,4713738.5,345.950692662756,4.6795756527202,8
"780",7,2010-08-22,551463.8,4713948.9,-673.392809581776,8.38692400760721,1
"781",7,2010-08-23,551521.2,4713923.2,-611.972976344521,-5.1354310057321,2
"782",7,2010-08-24,551556,4713923.3,-577.916730073219,2.02152993530459,3
"783",7,2010-08-25,551502.5,4713926.9,-631.034745734785,-5.3055712774262,4
"784",7,2010-08-26,551525.2,4713925,-608.421256468108,-2.56146792930363,5
