5.143379225904939744e+01,1.242094286818660009e+02,1.232470007012679929e+02,1.228553164383880016e+02,1.536788464059179944e+02,1.245164726344549990e+02,1.561275999775589867e+02,nan,9.302295674805149872e+01,1.240576576662370059e+02,9.248650531148540210e+01,1.237100445191109941e+02,1.242877920788869943e+02,nan,nan,nan,nan,nan,nan,nan,nan,nan,nan,nan,nan,nan,nan,nan,nan,nan,nan,nan,nan,nan,nan,nan,nan,nan,nan,nan,nan,nan,nan,nan,nan,nan,nan,nan,nan,nan,nan,nan,nan,nan,nan,nan,nan,nan,nan,nan,nan,nan,nan
4.013844469793880165e+01,4.162126836776369743e+01,4.081484025249500291e+01,3.249782658006149916e+01,4.082111716576469718e+01,5.051120654408700261e+01,3.553615460941909987e+01,nan,8.257051037002520388e+01,3.523056451440329795e+01,1.975553421049309932e+01,5.464212783784930139e+01,7.009059663103249704e+01,nan,nan,nan,nan,nan,nan,nan,nan,nan,nan,nan,nan,nan,nan,nan,nan,nan,nan,nan,nan,nan,nan,nan,nan,nan,nan,nan,nan,nan,nan,nan,nan,nan,nan,nan,nan,nan,nan,nan,nan,nan,nan,nan,nan,nan,nan,nan,nan,nan,nan
5.015586262642130322e+01,1.177221248977860029e+02,7.087733435529250414e+01,2.376078382084010059e+02,7.969445911938109361e+01,7.494944992062980305e+01,7.447107728381600111e+01,nan,nan,2.914414974840140076e+02,7.162786445705459926e+01,3.144612729037539793e+02,3.503768310110900188e+02,nan,nan,nan,nan,nan,nan,nan,nan,nan,nan,nan,nan,nan,nan,nan,nan,nan,nan,nan,nan,nan,nan,nan,nan,nan,nan,nan,nan,nan,nan,nan,nan,nan,nan,nan,nan,nan,nan,nan,nan,nan,nan,nan,nan,nan,nan,nan,nan,nan,nan
3.522841773675630179e+02,1.217208328442870027e+02,7.299598438483400287e+01,7.772903396304170087e+01,7.960281496684550007e+01,7.591260483020370486e+01,1.226329127962790011e+02,nan,1.218327615940909965e+02,1.951519860181319928e+02,1.852136584156449999e+02,1.248928280782899947e+02,1.230358297507259948e+02,nan,nan,nan,nan,nan,nan,nan,nan,nan,nan,nan,nan,nan,nan,nan,nan,nan,nan,nan,nan,nan,nan,nan,nan,nan,nan,nan,nan,nan,nan,nan,nan,nan,nan,nan,nan,nan,nan,nan,nan,nan,nan,nan,nan,nan,nan,nan,nan,nan,nan
-3.383334148126029959e+02,-3.696976250665139787e+02,-3.743705477815140057e+02,-3.762771672093149959e+02,-3.618597109598699717e+02,nan,nan,nan,nan,nan,nan,nan,nan,nan,nan,nan,nan,nan,nan,nan,nan,nan,nan,nan,nan,nan,nan,nan,nan,nan,nan,nan,nan,nan,nan,nan,nan,nan,nan,nan,nan,nan,nan,nan,nan,nan,nan,nan,nan,nan,nan,nan,nan,nan,nan,nan,nan,nan,nan,nan,nan,nan,nan
2.461186459486870035e+02,3.043333800830400264e+02,nan,2.435048406060909940e+02,2.895236453644560015e+02,3.352213984863079759e+02,3.405508936420649775e+02,3.459506926627560119e+02,nan,nan,nan,nan,nan,nan,nan,nan,nan,nan,nan,nan,nan,nan,nan,nan,nan,nan,nan,nan,nan,nan,nan,nan,nan,nan,nan,nan,nan,nan,nan,nan,nan,nan,nan,nan,nan,nan,nan,nan,nan,nan,nan,nan,nan,nan,nan,nan,nan,nan,nan,nan,nan,nan,nan
-6.733928095817759640e+02,-6.119729763445210438e+02,-5.779167300732190142e+02,-6.310347457347850195e+02,-6.084212564681080266e+02,nan,nan,nan,nan,nan,nan,nan,nan,nan,nan,nan,nan,nan,nan,nan,nan,nan,nan,nan,nan,nan,nan,nan,nan,nan,nan,nan,nan,nan,nan,nan,nan,nan,nan,nan,nan,nan,nan,nan,nan,nan,nan,nan,nan,nan,nan,nan,nan,nan,nan,nan,nan,nan,nan,nan,nan,nan,nan
-2.449354161388619957e+02,-2.443814550972689972e+02,-2.411864002736809880e+02,-2.897889469430750182e+02,nan,nan,nan,nan,nan,nan,nan,nan,nan,nan,nan,nan,nan,nan,nan,nan,nan,nan,nan,nan,nan,nan,nan,nan,nan,nan,nan,nan,nan,nan,nan,nan,nan,nan,nan,nan,nan,nan,nan,nan,nan,nan,nan,nan,nan,nan,nan,nan,nan,nan,nan,nan,nan,nan,nan,nan,nan,nan,nan
-6.284531265256180177e+01,nan,nan,nan,nan,nan,nan,nan,nan,nan,nan,nan,nan,nan,nan,nan,nan,nan,nan,nan,-4.420192175831770243e+01,nan,nan,nan,nan,nan,nan,nan,nan,nan,-4.484752695233220265e+01,-6.591020219283520021e+01,-6.590392527949059343e+01,-5.315317521059549932e+01,-4.292617291174649807e+01,-5.188033407867889935e+01,nan,nan,nan,nan,nan,nan,nan,nan,nan,nan,nan,nan,nan,nan,nan,nan,nan,nan,nan,nan,nan,nan,nan,nan,nan,nan,nan
4.576619734552460272e+01,-4.580136451138000098e+01,4.264877899035970188e+01,8.110037324945560044e+01,1.223496553620610001e+02,4.097434203877789827e+01,nan,nan,nan,nan,4.812753561444409911e+01,2.414797448363140120e+01,nan,nan,nan,nan,nan,nan,nan,nan,nan,nan,nan,nan,nan,nan,nan,nan,nan,nan,nan,nan,nan,nan,nan,nan,nan,nan,nan,nan,nan,nan,nan,nan,nan,nan,nan,nan,nan,nan,nan,nan,nan,nan,nan,nan,nan,nan,nan,nan,nan,nan,nan
7.949161314594209671e+01,8.398693026307020659e+01,9.451133040243449557e+01,9.384339254750770465e+01,4.457991186512919768e+01,6.042297263603529700e+01,5.932555631593410084e+01,5.941647353956909683e+01,9.227388050386250029e+01,7.183421235152179918e+01,9.024059771358689375e+01,8.428624344493030662e+01,nan,nan,nan,nan,nan,nan,nan,nan,nan,nan,nan,nan,nan,nan,nan,nan,6.056205710263699871e+01,nan,nan,nan,nan,nan,nan,nan,nan,nan,nan,nan,nan,nan,nan,nan,nan,nan,nan,nan,1.129309965197119965e+02,8.382319962708649541e+01,7.789058381296860034e+01,7.944476703794680361e+01,7.866417350442949896e+01,nan,7.963360532738720110e+01,8.137940183374449532e+01,7.572726846179149618e+01,nan,8.288178317224010527e+01,9.375597724478690509e+01,9.219201518581370181e+01,7.939719400116490533e+01,1.297987929207830007e+02
-6.386436557594520025e+01,-3.277363392165109701e+01,nan,nan,nan,nan,nan,-6.731961824393789584e+01,-3.451943042831130271e+01,-7.542955709323149449e+01,4.947669207962359650e+01,nan,nan,nan,nan,nan,nan,nan,nan,nan,nan,nan,nan,nan,nan,nan,nan,nan,nan,nan,nan,nan,nan,nan,nan,nan,nan,nan,nan,nan,nan,nan,nan,nan,nan,nan,nan,nan,nan,nan,nan,nan,nan,nan,nan,nan,nan,nan,nan,nan,nan,nan,nan
-4.033643678611089740e+02,-3.987508450807180225e+02,-3.673195041213539866e+02,-3.707481952787339878e+02,-4.001798188004909775e+02,-4.061872960902990144e+02,nan,nan,nan,nan,-3.641727492632210215e+02,-3.884055043963069807e+02,-3.553060033990090005e+02,nan,nan,nan,nan,nan,nan,nan,nan,nan,nan,nan,nan,nan,nan,nan,nan,nan,nan,nan,nan,nan,nan,nan,nan,nan,nan,nan,nan,nan,nan,nan,nan,nan,nan,nan,nan,nan,nan,nan,nan,nan,nan,nan,nan,nan,nan,nan,nan,nan,nan
-1.035161202767189934e+02,-2.590402784514240011e+02,-2.775683713974769944e+02,-2.676929456504390146e+02,nan,nan,nan,nan,nan,nan,nan,nan,nan,nan,nan,nan,nan,nan,nan,nan,nan,nan,-2.220232078965840117e+02,-2.518955425752729980e+02,-2.451913851336410062e+02,-2.629060461222940148e+02,-6.102042582039720031e+01,nan,nan,nan,nan,nan,nan,nan,nan,nan,nan,nan,nan,nan,nan,nan,nan,nan,nan,nan,nan,nan,nan,nan,nan,nan,nan,nan,nan,nan,nan,nan,nan,nan,nan,nan,nan
-5.239698209130580153e+02,-6.190534892300629508e+02,nan,-1.442274112159600008e+03,-1.322283473941120064e+03,-1.322840936903739930e+03,nan,nan,nan,nan,nan,nan,nan,nan,nan,nan,nan,nan,nan,nan,nan,nan,nan,nan,nan,nan,nan,nan,nan,nan,nan,nan,nan,nan,nan,nan,nan,nan,nan,nan,nan,nan,nan,nan,nan,nan,nan,nan,nan,nan,nan,nan,nan,nan,nan,nan,nan,nan,nan,nan,nan,nan,nan
3.985241227159360022e+01,7.041851938726340165e+01,6.986806026650980073e+01,-1.276066924224329924e+01,7.012825811110350571e+01,7.080742865759839333e+01,6.751868161813389690e+01,4.188323632285589904e-01,-3.150397118211949898e+00,-8.519867262434949851e+00,-9.280308921096880326e+00,2.642321858480140051e+01,nan,nan,nan,nan,nan,nan,nan,nan,nan,nan,nan,nan,nan,nan,nan,nan,nan,nan,nan,nan,nan,nan,nan,nan,nan,nan,nan,4.866821590052200008e+01,3.135827583047339999e+02,2.369706907137129974e+02,nan,nan,nan,nan,nan,nan,1.113069075973420041e+02,nan,nan,9.305929709326520083e+01,1.979238392898149925e+02,nan,nan,1.124316123569570038e+02,2.353143575737200024e+02,nan,2.351941038469279874e+02,2.372141058818770034e+02,2.867846305166560228e+02,2.891718033675160200e+02,2.461284247828710079e+02
5.166218256627259962e+02,5.345680749216020331e+02,5.442524815930289606e+02,5.169946791857220205e+02,5.139864145878169666e+02,5.158196263970839937e+02,5.160875550123309949e+02,5.630372704624579683e+02,4.969118088086199805e+02,nan,nan,nan,nan,nan,nan,nan,nan,nan,nan,nan,nan,nan,nan,nan,nan,nan,nan,nan,nan,5.410350941085280283e+02,4.898830978095609794e+02,nan,4.680054040318610191e+02,5.225900548929689649e+02,5.654048856446470381e+02,5.648914937975910107e+02,5.394899627892509670e+02,5.846527183319210508e+02,5.018379255260829837e+02,5.094519821334220069e+02,5.006090227875070013e+02,4.968906645601520040e+02,nan,nan,nan,nan,nan,nan,5.155999977474040179e+02,5.206002490120730499e+02,4.950587738859309752e+02,5.159041339851499970e+02,4.961983459805550183e+02,5.607402879065609795e+02,5.203539261292539777e+02,5.155230882077679553e+02,5.044062058955399834e+02,nan,nan,nan,nan,nan,nan
5.361704253894330350e+02,5.633993527775429584e+02,6.308209805976340476e+02,5.407734424065509984e+02,5.316968467268440008e+02,5.376700317353839864e+02,5.400208642413330153e+02,5.414869052346150511e+02,5.372342763568650525e+02,nan,nan,nan,nan,nan,nan,nan,nan,nan,nan,nan,nan,nan,nan,nan,nan,nan,nan,nan,5.339154658855319440e+02,5.318443888929609784e+02,5.407000347878280309e+02,nan,5.376938182536810018e+02,6.372019056166959672e+02,6.351217767182359921e+02,6.362835487515490058e+02,6.397884225199669572e+02,nan,nan,nan,nan,nan,nan,nan,nan,nan,nan,nan,nan,nan,nan,nan,nan,nan,nan,nan,nan,nan,nan,nan,nan,nan,nan
7.683186107753250553e+02,8.717044254294510210e+02,nan,8.757464775630329541e+02,nan,nan,nan,nan,nan,nan,nan,nan,nan,nan,nan,nan,nan,nan,nan,nan,nan,nan,nan,nan,nan,nan,nan,nan,nan,nan,nan,nan,nan,nan,nan,nan,nan,nan,nan,nan,nan,nan,nan,nan,nan,nan,nan,nan,nan,nan,nan,nan,nan,nan,nan,nan,nan,nan,nan,nan,nan,nan,nan
8.218429125898400116e+02,8.779748755562079623e+02,8.763745731520209574e+02,nan,8.706706378935849671e+02,8.691381931234490139e+02,8.255898803913770507e+02,8.234621784563239544e+02,8.787106710451849949e+02,8.781875003639449915e+02,nan,nan,nan,nan,nan,nan,nan,nan,nan,nan,nan,nan,nan,nan,nan,nan,nan,nan,nan,nan,nan,nan,nan,nan,nan,nan,nan,nan,nan,nan,nan,nan,nan,nan,nan,nan,nan,nan,nan,nan,nan,nan,nan,nan,nan,nan,nan,nan,nan,nan,nan,nan,nan
-1.415221803228839974e+02,nan,nan,nan,nan,nan,nan,nan,nan,nan,nan,-1.107784676096450056e+02,-1.502008148265560123e+02,-1.058761374106669990e+02,-1.106056850679610051e+02,-1.183281685038869995e+02,-7.085455544392249294e+01,nan,nan,nan,nan,nan,nan,nan,nan,nan,nan,nan,nan,nan,nan,nan,-2.309928306050890114e+02,nan,nan,nan,nan,nan,nan,nan,nan,nan,nan,nan,nan,nan,nan,nan,nan,nan,nan,nan,nan,nan,nan,nan,nan,nan,nan,nan,nan,nan,nan
-7.300254197631859654e+01,-7.371527787559669775e+01,-7.209046202444069706e+01,-3.833967312604340094e+01,-4.107095720300080188e+01,-4.148087799950469901e+01,-3.987634674569189741e+01,-4.202010442838729887e+01,-4.161936825992169986e+01,nan,nan,nan,nan,nan,nan,nan,nan,nan,nan,nan,nan,nan,nan,nan,nan,nan,nan,nan,nan,nan,nan,nan,nan,nan,nan,nan,nan,nan,nan,nan,nan,nan,nan,nan,nan,nan,nan,nan,nan,nan,nan,nan,nan,nan,nan,nan,nan,nan,nan,nan,nan,nan,nan
2.363425951249139985e+02,4.386178516259320190e+02,4.126533076704120049e+02,4.092281184338719981e+02,2.375519401948189966e+02,2.319354202389899910e+02,2.346436447263629930e+02,5.278309463335609735e+02,5.150571366749669551e+02,2.363237643848410130e+02,nan,nan,nan,nan,nan,nan,nan,nan,nan,nan,nan,nan,nan,nan,nan,nan,nan,nan,nan,nan,nan,nan,nan,nan,nan,nan,nan,nan,nan,nan,nan,nan,nan,nan,nan,nan,3.806750095115119734e+02,3.691643948727610223e+02,1.864824034201600114e+02,2.364202315931480030e+02,1.887968955810090108e+02,3.874994206797480274e+02,3.830621823621830231e+02,3.890899442494480240e+02,3.758117946496869877e+02,nan,3.840784602930219762e+02,3.883751602865260111e+02,3.697176289857570168e+02,3.887906310675879809e+02,3.855004301707389800e+02,nan,nan
3.449246358977330260e+02,4.494387899547260190e+02,3.710850219847490052e+02,3.489541342045869783e+02,3.730511740697609753e+02,3.791866358570150055e+02,3.844009657869939929e+02,nan,nan,nan,nan,nan,nan,nan,nan,nan,nan,nan,nan,nan,nan,nan,nan,nan,nan,nan,4.100476945823180017e+02,3.918783147525450090e+02,3.651957503579009767e+02,nan,3.703331707480160162e+02,4.429186477466490146e+02,3.676116655053559725e+02,3.658434036155600211e+02,3.809895187898150084e+02,nan,nan,nan,nan,nan,nan,nan,nan,nan,nan,nan,nan,nan,nan,nan,nan,nan,nan,nan,nan,nan,nan,nan,nan,nan,nan,nan,nan
5.430640153265760546e+02,nan,8.322918570469520319e+02,8.257829475305179585e+02,8.271580713001650338e+02,nan,nan,nan,nan,nan,nan,nan,nan,nan,nan,nan,nan,nan,nan,nan,nan,nan,nan,nan,nan,7.648528523442480491e+02,nan,nan,nan,nan,nan,nan,nan,nan,nan,nan,nan,nan,nan,nan,nan,nan,nan,nan,nan,nan,nan,nan,nan,nan,nan,nan,nan,nan,nan,nan,nan,nan,nan,nan,nan,nan,nan
6.075542880887010142e+02,6.061833931686800270e+02,6.441439282418209586e+02,6.420813089483880276e+02,5.711514381612639681e+02,5.711514381612639681e+02,5.717837626000659839e+02,5.722523564025819951e+02,5.584291649443259757e+02,nan,nan,nan,nan,nan,nan,nan,nan,nan,nan,nan,nan,nan,nan,nan,nan,nan,nan,nan,nan,nan,nan,nan,nan,nan,nan,nan,nan,nan,nan,nan,nan,nan,nan,nan,nan,nan,nan,nan,nan,nan,nan,nan,nan,nan,nan,nan,nan,nan,nan,nan,nan,nan,nan
3.514893107052209871e+02,1.977497356129709942e+02,2.039356781518499986e+02,2.395048115244300106e+02,3.087015723540359886e+02,2.628065232434159952e+02,nan,nan,nan,nan,nan,nan,nan,nan,nan,nan,nan,nan,nan,nan,nan,nan,nan,nan,nan,2.588596171830949970e+02,2.492906411825759960e+02,2.508020744264690052e+02,nan,nan,2.398109958258199867e+02,nan,nan,3.209344362814230180e+02,nan,nan,nan,nan,nan,nan,nan,nan,nan,nan,nan,nan,nan,nan,nan,nan,nan,nan,nan,nan,nan,nan,nan,nan,nan,nan,nan,nan,nan
3.543361581754239751e+02,3.439193252137109766e+02,4.057979734192219894e+02,4.069429627759910204e+02,3.485812806817800151e+02,3.623559067297550200e+02,nan,nan,nan,nan,nan,nan,nan,nan,nan,nan,nan,nan,nan,nan,nan,nan,nan,nan,nan,nan,nan,nan,nan,nan,nan,nan,nan,nan,nan,nan,nan,nan,nan,nan,nan,nan,nan,nan,nan,nan,nan,nan,nan,nan,nan,nan,nan,nan,nan,nan,nan,nan,nan,nan,nan,nan,nan
6.829986935772180345e+01,5.309699651887409999e+01,5.544360017500849835e+01,6.013753441576090353e+01,5.754123867830620043e+01,6.137694291742119646e+01,nan,nan,nan,nan,nan,nan,nan,nan,nan,nan,nan,nan,nan,nan,nan,nan,nan,-4.782790890453929933e+01,-4.951404003146090105e+01,-1.496600764571920017e+01,-5.897895077562090194e+01,nan,nan,nan,nan,nan,nan,nan,nan,nan,nan,nan,nan,nan,nan,nan,nan,nan,nan,nan,nan,nan,nan,nan,nan,nan,nan,nan,nan,nan,nan,nan,nan,nan,nan,nan,nan
-4.166271886418999770e+02,-3.604860410474179844e+02,-3.929533503287050280e+02,nan,-4.143309330146749971e+02,-3.569496499901640050e+02,-4.147652345359239803e+02,-4.147652345359239803e+02,-3.987216413001619912e+02,-4.156765875589400139e+02,-3.995378482499179995e+02,-4.183289140326920119e+02,-3.597592974641419801e+02,-3.605266102421439882e+02,nan,nan,nan,nan,nan,nan,nan,nan,nan,nan,nan,nan,nan,nan,nan,nan,nan,nan,nan,nan,nan,nan,nan,nan,nan,nan,nan,nan,nan,nan,nan,nan,nan,nan,nan,nan,nan,nan,nan,nan,nan,nan,nan,nan,nan,nan,nan,nan,nan
-3.009624541974819749e+02,-3.529804112689300268e+02,-2.990012578909580157e+02,nan,-2.987879061544339834e+02,-2.986494158940170109e+02,-2.993223095273560261e+02,-3.038917611919929982e+02,-3.056353769124830251e+02,nan,nan,nan,nan,nan,nan,nan,nan,nan,nan,nan,nan,nan,nan,nan,nan,nan,nan,nan,nan,nan,nan,nan,nan,nan,nan,nan,nan,nan,nan,nan,nan,nan,nan,nan,nan,nan,nan,nan,nan,nan,nan,nan,nan,nan,nan,nan,nan,nan,nan,nan,nan,nan,nan
-2.952865343070440076e+02,-3.747106956027370188e+02,-3.694873137673610017e+02,nan,nan,-3.597483302172109916e+02,nan,-3.522698561555200172e+02,-3.571526286860159871e+02,nan,nan,nan,nan,nan,nan,nan,nan,nan,nan,nan,nan,nan,nan,nan,nan,nan,nan,nan,nan,nan,nan,nan,nan,nan,nan,nan,nan,nan,nan,nan,nan,nan,nan,nan,nan,nan,nan,nan,nan,nan,nan,nan,nan,nan,nan,nan,nan,nan,nan,nan,nan,nan,nan
-1.262367152372009969e+02,-3.410891542524490205e+01,3.878505938305860212e+01,nan,-1.243559303912659999e+02,-4.029835988515240075e+01,3.880184205948759768e+01,3.539488935676060066e+01,-1.062538139895479929e+02,-1.058543989559399989e+02,-3.394313672561730044e+01,-3.986901414231599716e+01,-1.433358344634800119e+02,-1.415026226542130132e+02,nan,nan,nan,nan,nan,nan,-8.388228603365139691e+01,-3.610090209231120184e+01,-3.602399255256079869e+01,-9.927690487678299291e+01,-3.603377138704760085e+01,-3.600225409802219900e+01,-4.080897673977810314e+01,-9.729819896504260157e+01,-9.831520382466820251e+01,nan,-9.679458595247319863e+01,-9.405557110486179795e+01,-9.429270935968179401e+01,-9.662808032394509894e+01,-9.663931301581610001e+01,nan,nan,nan,nan,nan,nan,nan,nan,nan,nan,nan,nan,nan,nan,nan,nan,nan,nan,nan,nan,nan,nan,nan,nan,nan,nan,nan,nan
1.969418536402430107e+02,1.997081569272540094e+02,2.228888879910390131e+02,nan,1.981371910263380016e+02,2.003733197900529888e+02,1.998095799139730104e+02,1.970089843456950121e+02,1.976510876186819985e+02,1.933103165095380120e+02,nan,nan,nan,nan,nan,nan,nan,nan,nan,nan,nan,nan,nan,nan,nan,nan,nan,nan,nan,nan,nan,nan,nan,nan,nan,nan,nan,nan,nan,nan,nan,nan,nan,nan,nan,nan,nan,nan,nan,nan,nan,nan,nan,nan,nan,nan,nan,nan,nan,nan,nan,nan,nan
5.504367048295090399e+02,5.287780454953029903e+02,5.162888144059729711e+02,nan,4.065633708559930142e+02,5.147934369095339662e+02,4.054694564568059718e+02,5.369908611887000234e+02,4.026430263063990083e+02,5.155089478012420159e+02,5.428122751814979665e+02,5.394899627892509670e+02,5.396046665313709809e+02,nan,nan,nan,nan,nan,nan,nan,nan,nan,nan,nan,nan,nan,nan,nan,nan,nan,nan,nan,nan,nan,nan,nan,nan,nan,nan,nan,nan,nan,nan,nan,nan,nan,nan,nan,nan,nan,nan,nan,nan,nan,nan,nan,nan,nan,nan,nan,nan,nan,nan
4.821263220920649815e+02,5.142750892841789891e+02,nan,nan,3.992422177947179875e+02,2.202555249797730141e+02,4.983049036671400245e+02,4.591230639037390233e+02,5.540359977425159741e+02,4.893268232594979850e+02,5.350120225546220354e+02,4.953547178691759996e+02,5.422435795271200050e+02,4.966646262746010052e+02,nan,nan,nan,nan,nan,nan,4.988867473545059852e+02,4.988350781904370024e+02,nan,nan,nan,nan,4.957364905751559832e+02,5.368020228992600096e+02,5.378140719804730452e+02,nan,nan,nan,nan,5.372077148461379466e+02,nan,nan,nan,nan,nan,nan,nan,nan,nan,nan,nan,nan,nan,nan,nan,nan,nan,nan,nan,nan,nan,nan,nan,nan,nan,nan,nan,nan,nan
5.718473913843020000e+02,6.189446490005450414e+02,nan,6.757747459760080346e+02,6.769169603404609461e+02,6.748668948739449434e+02,6.734246403989600367e+02,6.737659766326270301e+02,6.042412930469789671e+02,6.763727781333550411e+02,6.250998011789970406e+02,6.249515320842820074e+02,5.333908413469069956e+02,nan,nan,nan,nan,nan,nan,nan,nan,nan,nan,nan,nan,nan,nan,nan,nan,nan,nan,nan,nan,nan,nan,nan,nan,nan,nan,nan,nan,nan,nan,nan,nan,nan,nan,nan,nan,nan,nan,nan,nan,nan,nan,nan,nan,nan,nan,nan,nan,nan,nan
5.390066343741380024e+02,6.224998707979870005e+02,nan,5.900909057612800552e+02,6.062507893189590504e+02,6.062449738894609936e+02,6.052790439875310540e+02,nan,nan,nan,nan,nan,nan,nan,nan,nan,nan,nan,nan,nan,nan,nan,nan,nan,nan,nan,nan,nan,nan,nan,nan,nan,nan,nan,nan,nan,nan,nan,nan,nan,nan,nan,nan,nan,nan,nan,nan,nan,nan,nan,nan,nan,nan,nan,nan,nan,nan,nan,nan,nan,nan,nan,nan
-5.609448684155989895e+02,-5.825358028382810289e+02,-5.565391473872480219e+02,-5.838423420450909589e+02,-6.074259900632099516e+02,nan,nan,nan,nan,nan,nan,-5.747607905869720071e+02,-5.723547869962279719e+02,-5.972575280478849891e+02,-4.354672813186509757e+02,nan,-4.485069715287349936e+02,nan,nan,nan,nan,nan,nan,nan,nan,nan,nan,nan,nan,nan,nan,nan,nan,nan,nan,nan,nan,nan,nan,nan,nan,nan,nan,nan,nan,nan,nan,nan,nan,nan,nan,nan,nan,nan,nan,nan,nan,nan,nan,nan,nan,nan,nan
-5.584485418074790459e+02,-4.905800586394109928e+02,-5.866051434110739820e+02,-5.851538370303890133e+02,nan,nan,nan,nan,-5.830541504634469447e+02,-5.662283771145599758e+02,nan,nan,nan,nan,nan,nan,nan,nan,nan,nan,nan,nan,nan,nan,nan,nan,nan,nan,nan,nan,-5.822014704463680346e+02,-6.062922333981980501e+02,-5.823294549438139711e+02,-5.826938507671800380e+02,-5.870254372483240104e+02,nan,nan,nan,nan,nan,nan,nan,nan,nan,nan,nan,nan,nan,nan,nan,nan,nan,nan,nan,nan,nan,nan,nan,nan,nan,nan,nan,nan
-2.969336828191119935e+02,4.789963499102860283e+02,4.723114213758909727e+02,nan,nan,nan,nan,nan,nan,nan,nan,nan,nan,nan,nan,nan,nan,nan,nan,nan,nan,nan,nan,nan,nan,nan,nan,nan,nan,nan,nan,nan,nan,nan,nan,nan,nan,nan,nan,nan,nan,nan,nan,nan,nan,nan,nan,nan,nan,nan,nan,nan,nan,nan,nan,nan,nan,nan,nan,nan,nan,nan,nan
4.571962926010090200e+02,3.806449460797570055e+02,1.980561853593000023e+02,3.703750610777129850e+02,4.804273716935139760e+02,4.655098043524139939e+02,3.950337927550199879e+02,4.175130206109059827e+02,4.804266447649159772e+02,nan,nan,nan,nan,nan,nan,nan,nan,nan,nan,nan,nan,nan,nan,nan,nan,nan,nan,nan,4.825711293762100240e+02,3.927500909546379830e+02,4.858571014235459984e+02,nan,nan,nan,nan,nan,nan,nan,nan,nan,nan,nan,nan,nan,nan,nan,nan,nan,nan,nan,nan,nan,nan,nan,nan,nan,nan,nan,nan,nan,nan,nan,nan
-5.701319389877249932e+02,nan,-9.688478899641650059e+02,-7.180014713603650307e+02,-7.191093934436260042e+02,-5.876633116716100176e+02,nan,nan,nan,nan,nan,nan,nan,-4.065766668445940013e+02,nan,nan,nan,nan,nan,nan,nan,nan,nan,nan,nan,nan,nan,nan,nan,-4.139377948945249841e+02,nan,nan,nan,nan,nan,nan,-4.449263766333129979e+02,-4.457670970299240025e+02,-4.465126713533870202e+02,-4.452474282697119747e+02,nan,nan,nan,nan,nan,nan,nan,-4.456621721222899737e+02,-4.142819061206229776e+02,-4.206126158331890110e+02,-4.650778315729489805e+02,-4.788140692123300255e+02,nan,nan,nan,nan,nan,nan,nan,nan,nan,nan,nan
-8.429112224541339629e+02,-8.742042058754940399e+02,-8.374927254159730410e+02,nan,nan,nan,nan,nan,nan,nan,nan,nan,nan,nan,nan,-5.823434626278129826e+02,-5.816642920810149917e+02,-6.940807159579769632e+02,nan,nan,nan,nan,nan,nan,nan,nan,nan,nan,nan,nan,nan,nan,nan,nan,nan,nan,nan,nan,nan,nan,nan,nan,nan,nan,nan,nan,nan,nan,nan,nan,nan,nan,nan,nan,nan,nan,nan,nan,nan,nan,nan,nan,nan
-4.791365747061129809e+02,nan,nan,nan,nan,nan,-5.682651618258639701e+02,-5.226457721010319801e+02,nan,nan,nan,nan,nan,nan,nan,nan,-5.536504095874629456e+02,-5.592298622694800088e+02,-5.415683243020920372e+02,-5.598572309297950369e+02,-5.623255421701060186e+02,nan,nan,nan,nan,nan,nan,nan,-6.073946054965970234e+02,-5.693773127588640364e+02,-5.676237854816639583e+02,nan,nan,nan,nan,nan,nan,-4.771333553475919871e+02,-5.632704605456780200e+02,-5.608427185002819897e+02,nan,-4.550458117545859977e+02,nan,nan,nan,nan,nan,nan,-5.622346249463570302e+02,-5.251021237208000230e+02,-5.582296400862840073e+02,nan,nan,nan,nan,nan,nan,nan,nan,nan,nan,nan,nan
-7.085805736495069596e+01,-7.275635181572350518e+01,-7.149038180345020521e+01,-7.224923688212589923e+01,-7.285063823808769712e+01,-2.191139946945899908e+01,-4.083276325807459983e+01,-4.206166599665049688e+01,nan,nan,nan,nan,nan,nan,nan,nan,nan,nan,nan,nan,nan,nan,nan,nan,nan,nan,nan,nan,nan,nan,nan,nan,nan,nan,nan,nan,nan,nan,nan,nan,nan,nan,nan,nan,nan,nan,nan,nan,nan,nan,nan,nan,nan,nan,nan,nan,nan,nan,nan,nan,nan,nan,nan
-3.020864320283100142e+02,-3.356049057278870009e+02,-9.569126199163140427e+02,-1.249278297311720053e+03,nan,nan,nan,nan,nan,nan,nan,nan,nan,nan,nan,nan,nan,nan,-6.241451305252989812e+01,nan,nan,nan,nan,nan,nan,nan,nan,nan,nan,nan,nan,nan,nan,nan,nan,nan,nan,nan,-3.513989396047409741e+02,-3.405961050870449753e+02,-3.709558643082469871e+02,-3.701354285087909943e+02,-4.767857422004669843e+02,nan,nan,nan,nan,nan,nan,-3.550297498068479740e+02,-3.696598308642189750e+02,-3.381739130261310038e+02,-3.356405191443139984e+02,-3.450312953410800105e+02,-5.031855280568770183e+01,nan,nan,nan,nan,nan,nan,nan,nan
2.592688110510010233e+02,2.418031152151849881e+02,2.400293033406420022e+02,3.175408970566230096e+02,2.383598221675470086e+02,2.403433511351730090e+02,2.583762887679829987e+02,2.582385254362390015e+02,2.581336005286049726e+02,2.239737504845259934e+02,2.308974038536130138e+02,2.048371196181560094e+02,nan,nan,nan,nan,nan,nan,nan,nan,nan,nan,nan,nan,nan,nan,nan,nan,2.582916484575039817e+02,2.499711328642310093e+02,2.597884798112129943e+02,nan,2.338987973316860121e+02,2.308317270054309915e+02,2.715152211787290071e+02,2.686474949048849794e+02,2.366832044300969926e+02,2.378281937868659952e+02,2.601962198218490130e+02,2.303764139584299926e+02,3.130735953074930080e+02,2.519806291360210082e+02,nan,nan,nan,nan,nan,nan,nan,nan,nan,nan,nan,nan,nan,nan,nan,nan,nan,nan,nan,nan,nan
-4.445577519601320091e+02,-4.271264811279210107e+02,-4.428763111664940197e+02,nan,nan,nan,nan,nan,nan,nan,nan,nan,-4.395862429920589989e+02,-4.275790191829830178e+02,-4.179904855134910235e+02,-4.442066368917900263e+02,nan,nan,nan,nan,nan,nan,nan,nan,nan,nan,-3.960462552368999809e+02,-4.436583585572819857e+02,-5.695353606877630455e+02,-5.266332473560789822e+02,nan,nan,nan,nan,-4.276867190828589855e+02,-4.204720775091279847e+02,-5.696227759904840013e+02,-5.201396666584259947e+02,-4.827784848776780109e+02,nan,nan,nan,nan,nan,nan,-5.167668735147419738e+02,-4.429231572744899950e+02,-4.121816253473069764e+02,-4.197956819547600276e+02,-3.156989140198709833e+02,-3.977983286567160235e+02,nan,nan,nan,nan,nan,nan,nan,nan,nan,nan,nan,nan
-2.664186506612520020e+02,-3.404310533159010106e+02,-3.376346865974380194e+02,-3.655429172544550056e+02,nan,nan,nan,nan,nan,nan,nan,nan,nan,nan,nan,nan,nan,-3.551549593118639905e+02,nan,nan,nan,-3.616491342155879920e+02,nan,nan,nan,nan,nan,nan,nan,nan,-3.553067303276069993e+02,-3.520172563592420261e+02,-3.550129671304189856e+02,-3.530034708584399823e+02,nan,nan,nan,nan,nan,nan,nan,-3.619862415997429821e+02,nan,nan,nan,nan,nan,nan,nan,-3.493173568488970204e+02,-3.458264907646660049e+02,-3.544037022815040245e+02,-3.337171170400849860e+02,-3.383614301807140237e+02,nan,nan,nan,nan,nan,nan,nan,nan,nan
-2.817251272731789982e+02,-4.764073386927989873e+02,-4.911745888757300236e+02,-2.344200679050840108e+02,nan,nan,nan,nan,nan,nan,nan,nan,nan,nan,nan,nan,-2.848698340676689895e+02,-2.348823847942549889e+02,-2.302500312741690038e+02,nan,nan,nan,nan,nan,nan,nan,nan,nan,nan,nan,nan,-2.351761479913290032e+02,-2.768759200954669950e+02,-2.329477499984569988e+02,nan,nan,nan,nan,-1.494677943298200091e+02,-2.751889293173459805e+02,-2.380802146102739982e+02,-2.338528261080899995e+02,-2.317258511018239915e+02,nan,nan,nan,nan,nan,nan,-2.321398680256160105e+02,-2.416564479335810063e+02,nan,-4.761814331296620253e+02,-1.494209482218250002e+02,-2.339304625765130083e+02,nan,nan,nan,nan,nan,nan,nan,nan
-2.316447127123730070e+02,-2.321881679909949980e+02,-2.323364370857100027e+02,-2.197794810847429972e+02,-2.198739002294059901e+02,-2.171075969423949914e+02,-2.665389043879699784e+02,-2.347544002969979999e+02,-2.189009664855340134e+02,-2.961209777904990119e+02,-2.968672790424460004e+02,-2.931630612216169993e+02,nan,nan,nan,nan,nan,nan,nan,nan,nan,nan,nan,nan,nan,nan,nan,nan,nan,-2.997097649404209960e+02,-2.990523328484650278e+02,nan,-2.324854331090969879e+02,-3.008449754630059942e+02,-2.945808022498219998e+02,-2.998244686826549810e+02,-2.313201591549459977e+02,-1.498965458663969912e+02,-2.321070296017329895e+02,-3.004868565529100124e+02,-2.395798209562250065e+02,-2.975233899995449747e+02,nan,nan,nan,nan,nan,nan,nan,nan,nan,nan,nan,nan,nan,nan,nan,nan,nan,nan,nan,nan,nan
-1.700760161740300020e+02,-2.672355845396800191e+02,-2.958202107513679948e+02,nan,-2.943954658814100185e+02,nan,nan,nan,nan,nan,nan,nan,nan,nan,nan,-2.799122000611810108e+02,-2.330554498983329950e+02,-2.357944647461330021e+02,nan,nan,nan,nan,nan,nan,-2.497174926111219975e+02,nan,nan,nan,-2.207376802158289877e+02,-2.701291453954650024e+02,nan,nan,nan,nan,nan,-2.354566304333050084e+02,-2.228108052721580066e+02,-2.753567560807309746e+02,-3.788093726788010258e+02,nan,nan,nan,nan,nan,nan,nan,nan,nan,nan,nan,nan,nan,nan,nan,nan,nan,nan,nan,nan,nan,nan,nan,nan
-2.338898933817879993e+02,-2.945269522995819784e+02,-2.245530998576759885e+02,-2.240502137737040016e+02,-2.950864633258460117e+02,-2.242823962501119865e+02,nan,nan,nan,nan,nan,nan,nan,-2.226890976881699942e+02,-2.302255178270860085e+02,-2.166550588873330128e+02,-2.249895821649070058e+02,-2.880872215521690123e+02,-2.538168966158590081e+02,nan,nan,nan,nan,nan,nan,-2.010527710148770097e+02,-2.351831518333860060e+02,-1.922544769909750073e+02,-2.358042435804310060e+02,-1.975051472657509919e+02,-2.368072407559440080e+02,nan,nan,nan,nan,nan,-2.344711428628939984e+02,-1.981101832651530117e+02,-2.340276567135319965e+02,-2.335352763927199931e+02,nan,nan,nan,nan,nan,nan,nan,-2.300842525742390023e+02,-2.345648350787710115e+02,nan,nan,nan,nan,nan,nan,nan,nan,nan,nan,nan,nan,nan,nan
-1.102755815258619947e+02,-1.118863896928310027e+02,nan,nan,nan,nan,nan,nan,nan,nan,nan,nan,nan,nan,nan,nan,nan,nan,nan,nan,nan,nan,nan,nan,nan,nan,nan,nan,nan,nan,nan,nan,nan,nan,nan,nan,nan,nan,nan,nan,nan,nan,nan,nan,nan,nan,nan,nan,nan,nan,nan,nan,nan,nan,nan,nan,nan,nan,nan,nan,nan,nan,nan
-4.423706500902810035e+02,-4.217198109875880050e+02,-4.180812700148269982e+02,nan,nan,nan,nan,nan,nan,nan,nan,nan,nan,nan,nan,nan,nan,nan,nan,nan,nan,nan,nan,nan,-4.179925335772480253e+02,-4.091739549557760256e+02,-4.198502588334849861e+02,-4.065915341799070006e+02,nan,nan,nan,nan,nan,nan,nan,nan,-5.705719232160589627e+02,nan,nan,nan,nan,nan,nan,nan,nan,nan,nan,nan,nan,nan,nan,nan,nan,nan,nan,nan,nan,nan,nan,nan,nan,nan,nan
-9.766609670962560585e+01,-9.782414463863820231e+01,-1.502448859421959924e+02,-9.407935762315830175e+01,nan,nan,nan,nan,nan,nan,nan,nan,nan,nan,nan,nan,nan,nan,nan,nan,nan,nan,nan,nan,nan,nan,nan,nan,nan,nan,nan,nan,nan,4.276903271696330222e+01,4.341813983200589888e+01,1.722987109940509853e+01,nan,-9.872367076378779416e+01,nan,nan,nan,nan,nan,nan,nan,nan,nan,nan,nan,nan,nan,nan,nan,nan,nan,nan,nan,nan,nan,nan,nan,nan,nan
-6.076743610097870487e+02,-5.514402481281019845e+02,-5.346649555304619525e+02,-4.172490073174290046e+02,-6.059774586749549599e+02,-5.526558701113519874e+02,nan,nan,nan,nan,nan,nan,nan,nan,nan,nan,nan,nan,nan,nan,-5.431680325000950234e+02,nan,-5.315097429730019485e+02,-6.084597775990760056e+02,-5.412865207255620135e+02,-5.389993170040370387e+02,-6.335401242486050251e+02,nan,nan,nan,nan,nan,nan,nan,nan,nan,nan,nan,nan,nan,nan,nan,nan,nan,nan,nan,nan,nan,nan,nan,nan,nan,nan,nan,nan,nan,nan,nan,nan,nan,nan,nan,nan
-1.592403432324510106e+02,-3.587437464619749790e+02,-2.993118037643860134e+02,-2.809969298323289877e+02,-2.815936408547049723e+02,-2.788728625408319886e+02,nan,nan,nan,nan,nan,nan,nan,nan,nan,nan,nan,nan,nan,nan,nan,nan,nan,nan,nan,nan,nan,nan,nan,nan,nan,nan,nan,nan,nan,nan,nan,nan,nan,nan,nan,nan,nan,nan,nan,nan,nan,nan,nan,nan,nan,nan,nan,nan,nan,nan,nan,nan,nan,nan,nan,nan,nan
-1.517242076909919888e+02,-2.819600847418279841e+02,-1.029748457842679983e+02,-1.542491438734830069e+02,-1.522809437248270115e+02,-7.254300007931399819e+01,nan,nan,nan,nan,nan,nan,nan,nan,nan,-1.489886947642200141e+02,-9.983086591837580670e+01,-2.319937797168830116e+02,-1.272236566649959997e+02,-1.419383780328469982e+02,-1.441422625789379879e+02,nan,-2.808696722636699974e+02,-2.799708730671929970e+02,-2.812480757711480237e+02,-2.816089696736750057e+02,-2.405170085613700053e+02,nan,nan,nan,nan,nan,nan,nan,nan,nan,nan,nan,nan,nan,nan,nan,nan,nan,nan,nan,nan,nan,nan,nan,nan,nan,nan,nan,nan,nan,nan,nan,nan,nan,nan,nan,nan
3.429533953118950080e+02,3.405284282587400071e+02,2.460172229619670077e+02,2.450442892180959973e+02,1.264131805055450002e+02,1.318526890698749980e+02,1.172029176213059998e+02,1.222697053851679954e+02,1.239308615812350070e+02,1.228900702035020061e+02,nan,nan,nan,nan,nan,nan,nan,nan,nan,nan,nan,nan,nan,nan,nan,nan,nan,nan,nan,nan,nan,nan,nan,nan,nan,nan,nan,nan,nan,nan,nan,nan,nan,nan,nan,nan,nan,nan,nan,nan,nan,nan,nan,nan,nan,nan,nan,nan,nan,nan,nan,nan,nan
5.087825904209220198e+02,4.846785467138799959e+02,4.900824418619719722e+02,4.822165123870279899e+02,4.913681022654429853e+02,4.614657041549990026e+02,nan,nan,nan,nan,nan,nan,nan,nan,nan,nan,nan,nan,nan,nan,nan,nan,nan,nan,nan,nan,4.836853283727400026e+02,4.855227690316330040e+02,nan,4.816122033165249832e+02,4.010384950527000001e+02,3.991031333281159732e+02,3.945028913032400055e+02,nan,nan,nan,nan,nan,nan,nan,nan,nan,nan,nan,nan,nan,nan,nan,nan,nan,nan,nan,nan,nan,nan,nan,nan,nan,nan,nan,nan,nan,nan
-3.523879290960670119e+02,-2.658681915406879739e+02,-3.587605291383300141e+02,nan,nan,nan,nan,nan,nan,nan,nan,nan,nan,nan,nan,nan,nan,nan,nan,nan,nan,nan,nan,nan,nan,nan,nan,nan,nan,nan,nan,nan,nan,nan,nan,nan,nan,nan,nan,nan,nan,nan,nan,nan,nan,nan,nan,nan,nan,nan,nan,nan,nan,nan,nan,nan,nan,nan,nan,nan,nan,nan,nan
-2.306046482632370100e+02,-2.499363943323170076e+02,-2.288588517566909957e+02,nan,nan,nan,nan,nan,nan,nan,nan,nan,nan,nan,nan,nan,nan,nan,nan,nan,nan,nan,nan,nan,nan,nan,nan,nan,nan,nan,nan,nan,nan,nan,nan,nan,nan,nan,nan,nan,nan,nan,nan,nan,nan,nan,nan,nan,nan,nan,nan,nan,nan,nan,nan,nan,nan,nan,nan,nan,nan,nan,nan
2.801945826108849928e+02,2.691175425647850261e+02,1.940526543567999909e+02,1.346338596920840018e+02,3.297951706773039859e+02,2.802085902948829812e+02,2.779431250281999723e+02,2.967789888553260198e+02,2.665205198985440234e+02,3.880233182895859727e+02,4.023001034927460182e+02,3.464394383401270261e+02,nan,nan,nan,nan,nan,nan,nan,nan,nan,nan,nan,nan,nan,nan,nan,nan,nan,nan,nan,nan,nan,nan,nan,nan,nan,nan,nan,nan,nan,nan,nan,nan,nan,nan,nan,nan,nan,nan,nan,nan,nan,nan,nan,nan,nan,nan,nan,nan,nan,nan,nan
-1.376529107311000075e+02,-1.423097776983439928e+02,-1.228961663111399929e+02,-1.177874882178089990e+02,nan,nan,nan,nan,nan,nan,nan,nan,nan,nan,nan,nan,nan,nan,nan,nan,nan,nan,-1.481913185544630096e+02,-1.162648222818559987e+02,-1.504672895842300022e+02,-1.681686698175570029e+02,-2.050926423624769939e+02,nan,nan,nan,nan,nan,nan,-2.122919551173519892e+02,-1.784965008969410007e+02,-1.676349933732329873e+02,-2.126969201355570078e+02,-1.214511368437240009e+02,-1.707188463758029968e+02,nan,nan,nan,nan,nan,nan,nan,nan,nan,nan,nan,nan,nan,nan,nan,nan,nan,nan,nan,nan,nan,nan,nan,nan
